step,combination,modalities,modality,fold,training_seed,evaluation_count,baseline_accuracy,baseline_macro_f1,perturbed_accuracy,perturbed_macro_f1,delta_accuracy,delta_macro_f1,baseline_confusion_matrix,perturbed_confusion_matrix,replacement
step_10_N,M+MR,"['M', 'MR']",M,1,42,202,0.5099009900990099,0.4453848089171576,0.3712871287128713,0.2360036319827324,-0.13861386138613863,-0.2093811769344252,"[[1, 4, 2, 1, 0], [1, 14, 8, 2, 0], [0, 5, 17, 18, 5], [1, 2, 12, 31, 20], [0, 3, 5, 10, 40]]","[[0, 0, 1, 0, 7], [0, 4, 9, 0, 12], [0, 1, 13, 3, 28], [0, 0, 3, 2, 61], [0, 1, 1, 0, 56]]",zero_normalized_baseline
step_10_N,M+MR,"['M', 'MR']",MR,1,42,202,0.5099009900990099,0.4453848089171576,0.0891089108910891,0.0677960927960928,-0.42079207920792083,-0.3775887161210648,"[[1, 4, 2, 1, 0], [1, 14, 8, 2, 0], [0, 5, 17, 18, 5], [1, 2, 12, 31, 20], [0, 3, 5, 10, 40]]","[[7, 1, 0, 0, 0], [14, 11, 0, 0, 0], [31, 14, 0, 0, 0], [41, 25, 0, 0, 0], [43, 15, 0, 0, 0]]",zero_normalized_baseline
step_10_N,M+MR,"['M', 'MR']",M,2,42,200,0.495,0.4519118731531604,0.345,0.17134502923976608,-0.15000000000000002,-0.2805668439133943,"[[1, 3, 1, 2, 0], [1, 17, 4, 2, 1], [0, 7, 19, 14, 5], [0, 5, 15, 35, 10], [0, 1, 5, 25, 27]]","[[0, 0, 0, 5, 2], [0, 0, 0, 17, 8], [0, 0, 0, 25, 20], [0, 0, 0, 35, 30], [0, 0, 0, 24, 34]]",zero_normalized_baseline
step_10_N,M+MR,"['M', 'MR']",MR,2,42,200,0.495,0.4519118731531604,0.09,0.05504937878305194,-0.405,-0.39686249437010845,"[[1, 3, 1, 2, 0], [1, 17, 4, 2, 1], [0, 7, 19, 14, 5], [0, 5, 15, 35, 10], [0, 1, 5, 25, 27]]","[[3, 4, 0, 0, 0], [10, 15, 0, 0, 0], [15, 30, 0, 0, 0], [27, 38, 0, 0, 0], [24, 34, 0, 0, 0]]",zero_normalized_baseline
step_10_N,M+MR,"['M', 'MR']",M,3,42,199,0.4723618090452261,0.39135842212459393,0.3417085427135678,0.17461906514538095,-0.1306532663316583,-0.21673935697921298,"[[0, 3, 2, 0, 2], [0, 13, 5, 2, 5], [0, 4, 19, 13, 9], [0, 1, 13, 30, 21], [0, 0, 12, 13, 32]]","[[0, 0, 0, 2, 5], [0, 1, 1, 5, 18], [0, 0, 0, 12, 33], [0, 0, 0, 18, 47], [0, 0, 0, 8, 49]]",zero_normalized_baseline
step_10_N,M+MR,"['M', 'MR']",MR,3,42,199,0.4723618090452261,0.39135842212459393,0.07537688442211055,0.050469302969687636,-0.3969849246231156,-0.3408891191549063,"[[0, 3, 2, 0, 2], [0, 13, 5, 2, 5], [0, 4, 19, 13, 9], [0, 1, 13, 30, 21], [0, 0, 12, 13, 32]]","[[5, 2, 0, 0, 0], [15, 10, 0, 0, 0], [18, 27, 0, 0, 0], [29, 36, 0, 0, 0], [23, 34, 0, 0, 0]]",zero_normalized_baseline
step_10_N,M+MR,"['M', 'MR']",M,4,42,198,0.5151515151515151,0.4574827467218771,0.41919191919191917,0.25778090546563454,-0.09595959595959597,-0.19970184125624257,"[[1, 2, 3, 1, 0], [0, 12, 9, 3, 0], [1, 8, 19, 14, 3], [0, 0, 12, 39, 14], [0, 0, 8, 18, 31]]","[[0, 0, 0, 3, 4], [0, 0, 13, 3, 8], [0, 0, 16, 6, 23], [0, 0, 6, 19, 40], [0, 0, 7, 2, 48]]",zero_normalized_baseline
step_10_N,M+MR,"['M', 'MR']",MR,4,42,198,0.5151515151515151,0.4574827467218771,0.12121212121212122,0.04363636363636364,-0.3939393939393939,-0.41384638308551347,"[[1, 2, 3, 1, 0], [0, 12, 9, 3, 0], [1, 8, 19, 14, 3], [0, 0, 12, 39, 14], [0, 0, 8, 18, 31]]","[[0, 7, 0, 0, 0], [0, 24, 0, 0, 0], [0, 45, 0, 0, 0], [1, 64, 0, 0, 0], [1, 56, 0, 0, 0]]",zero_normalized_baseline
step_10_N,M+MR,"['M', 'MR']",M,5,42,197,0.4873096446700508,0.4514551083591331,0.3756345177664975,0.2217869435429008,-0.1116751269035533,-0.2296681648162323,"[[1, 3, 3, 0, 0], [1, 16, 6, 1, 0], [0, 6, 22, 13, 3], [0, 1, 16, 35, 13], [0, 1, 8, 26, 22]]","[[0, 0, 1, 4, 2], [0, 0, 7, 16, 1], [0, 0, 7, 26, 11], [0, 0, 6, 42, 17], [0, 0, 6, 26, 25]]",zero_normalized_baseline
step_10_N,M+MR,"['M', 'MR']",MR,5,42,197,0.4873096446700508,0.4514551083591331,0.1218274111675127,0.07355992844364936,-0.36548223350253806,-0.3778951799154837,"[[1, 3, 3, 0, 0], [1, 16, 6, 1, 0], [0, 6, 22, 13, 3], [0, 1, 16, 35, 13], [0, 1, 8, 26, 22]]","[[1, 6, 0, 0, 0], [1, 23, 0, 0, 0], [1, 43, 0, 0, 0], [1, 64, 0, 0, 0], [2, 55, 0, 0, 0]]",zero_normalized_baseline
step_10_N,M+MR,"['M', 'MR']",M,1,3407,202,0.48514851485148514,0.3743764387949298,0.3118811881188119,0.14401445548986533,-0.17326732673267325,-0.2303619833050645,"[[0, 4, 3, 1, 0], [1, 9, 10, 5, 0], [0, 6, 16, 17, 6], [0, 2, 10, 30, 24], [0, 0, 7, 8, 43]]","[[0, 0, 2, 0, 6], [0, 1, 5, 3, 16], [0, 0, 3, 7, 35], [0, 0, 5, 2, 59], [0, 0, 1, 0, 57]]",zero_normalized_baseline
step_10_N,M+MR,"['M', 'MR']",MR,1,3407,202,0.48514851485148514,0.3743764387949298,0.12376237623762376,0.04405286343612334,-0.3613861386138614,-0.33032357535880646,"[[0, 4, 3, 1, 0], [1, 9, 10, 5, 0], [0, 6, 16, 17, 6], [0, 2, 10, 30, 24], [0, 0, 7, 8, 43]]","[[0, 8, 0, 0, 0], [0, 25, 0, 0, 0], [0, 45, 0, 0, 0], [0, 66, 0, 0, 0], [0, 58, 0, 0, 0]]",zero_normalized_baseline
step_10_N,M+MR,"['M', 'MR']",M,2,3407,200,0.51,0.4167483828063599,0.305,0.13118957545187054,-0.20500000000000002,-0.28555880735448935,"[[0, 5, 0, 1, 1], [2, 13, 8, 2, 0], [0, 4, 27, 11, 3], [0, 4, 17, 36, 8], [0, 0, 8, 24, 26]]","[[0, 0, 0, 1, 6], [0, 1, 0, 1, 23], [0, 0, 0, 3, 42], [0, 0, 0, 5, 60], [0, 0, 0, 3, 55]]",zero_normalized_baseline
step_10_N,M+MR,"['M', 'MR']",MR,2,3407,200,0.51,0.4167483828063599,0.12,0.043243243243243246,-0.39,-0.37350513956311665,"[[0, 5, 0, 1, 1], [2, 13, 8, 2, 0], [0, 4, 27, 11, 3], [0, 4, 17, 36, 8], [0, 0, 8, 24, 26]]","[[0, 7, 0, 0, 0], [1, 24, 0, 0, 0], [0, 45, 0, 0, 0], [0, 65, 0, 0, 0], [2, 56, 0, 0, 0]]",zero_normalized_baseline
step_10_N,M+MR,"['M', 'MR']",M,3,3407,199,0.5025125628140703,0.3981847427300755,0.31155778894472363,0.15440472839853644,-0.19095477386934667,-0.24378001433153904,"[[0, 5, 1, 0, 1], [1, 12, 6, 2, 4], [0, 7, 19, 11, 8], [0, 2, 10, 37, 16], [0, 2, 11, 12, 32]]","[[0, 0, 1, 0, 6], [0, 0, 2, 7, 16], [0, 0, 6, 8, 31], [0, 0, 2, 4, 59], [0, 0, 1, 4, 52]]",zero_normalized_baseline
step_10_N,M+MR,"['M', 'MR']",MR,3,3407,199,0.5025125628140703,0.3981847427300755,0.12562814070351758,0.044843049327354265,-0.37688442211055273,-0.3533416934027212,"[[0, 5, 1, 0, 1], [1, 12, 6, 2, 4], [0, 7, 19, 11, 8], [0, 2, 10, 37, 16], [0, 2, 11, 12, 32]]","[[0, 7, 0, 0, 0], [0, 25, 0, 0, 0], [0, 45, 0, 0, 0], [0, 65, 0, 0, 0], [1, 56, 0, 0, 0]]",zero_normalized_baseline
step_10_N,M+MR,"['M', 'MR']",M,4,3407,198,0.4595959595959596,0.3782417582417582,0.3686868686868687,0.22156806156806158,-0.09090909090909094,-0.15667369667369663,"[[0, 4, 2, 1, 0], [0, 13, 9, 1, 1], [2, 8, 20, 13, 2], [0, 2, 14, 31, 18], [0, 1, 10, 19, 27]]","[[0, 1, 1, 3, 2], [0, 1, 7, 7, 9], [0, 1, 9, 5, 30], [0, 0, 10, 13, 42], [0, 0, 5, 2, 50]]",zero_normalized_baseline
step_10_N,M+MR,"['M', 'MR']",MR,4,3407,198,0.4595959595959596,0.3782417582417582,0.12121212121212122,0.04324324324324325,-0.3383838383838384,-0.33499851499851496,"[[0, 4, 2, 1, 0], [0, 13, 9, 1, 1], [2, 8, 20, 13, 2], [0, 2, 14, 31, 18], [0, 1, 10, 19, 27]]","[[0, 7, 0, 0, 0], [0, 24, 0, 0, 0], [0, 45, 0, 0, 0], [0, 65, 0, 0, 0], [0, 57, 0, 0, 0]]",zero_normalized_baseline
step_10_N,M+MR,"['M', 'MR']",M,5,3407,197,0.45685279187817257,0.38128083157152926,0.3401015228426396,0.20385241251343253,-0.11675126903553296,-0.17742841905809673,"[[0, 4, 3, 0, 0], [4, 13, 7, 0, 0], [0, 3, 17, 17, 7], [0, 2, 17, 30, 16], [0, 2, 8, 17, 30]]","[[0, 0, 0, 6, 1], [0, 2, 1, 19, 2], [0, 2, 1, 27, 14], [0, 1, 4, 37, 23], [0, 1, 4, 25, 27]]",zero_normalized_baseline
step_10_N,M+MR,"['M', 'MR']",MR,5,3407,197,0.45685279187817257,0.38128083157152926,0.1218274111675127,0.04343891402714933,-0.3350253807106599,-0.3378419175443799,"[[0, 4, 3, 0, 0], [4, 13, 7, 0, 0], [0, 3, 17, 17, 7], [0, 2, 17, 30, 16], [0, 2, 8, 17, 30]]","[[0, 7, 0, 0, 0], [0, 24, 0, 0, 0], [0, 44, 0, 0, 0], [0, 65, 0, 0, 0], [0, 57, 0, 0, 0]]",zero_normalized_baseline
step_10_N,M+MR,"['M', 'MR']",M,1,2026,202,0.4752475247524752,0.36457161531053156,0.3811881188118812,0.19494505494505493,-0.09405940594059403,-0.16962656036547663,"[[0, 6, 1, 1, 0], [2, 10, 7, 6, 0], [0, 6, 10, 27, 2], [1, 0, 7, 39, 19], [0, 2, 4, 15, 37]]","[[0, 0, 2, 5, 1], [0, 0, 2, 20, 3], [0, 0, 0, 34, 11], [0, 0, 0, 38, 28], [0, 0, 0, 19, 39]]",zero_normalized_baseline
step_10_N,M+MR,"['M', 'MR']",MR,1,2026,202,0.4752475247524752,0.36457161531053156,0.12376237623762376,0.04405286343612334,-0.35148514851485146,-0.3205187518744082,"[[0, 6, 1, 1, 0], [2, 10, 7, 6, 0], [0, 6, 10, 27, 2], [1, 0, 7, 39, 19], [0, 2, 4, 15, 37]]","[[0, 8, 0, 0, 0], [0, 25, 0, 0, 0], [0, 45, 0, 0, 0], [0, 66, 0, 0, 0], [0, 58, 0, 0, 0]]",zero_normalized_baseline
step_10_N,M+MR,"['M', 'MR']",M,2,2026,200,0.475,0.3974786685372783,0.305,0.12667062784709843,-0.16999999999999998,-0.2708080406901799,"[[0, 5, 0, 2, 0], [0, 18, 3, 4, 0], [0, 9, 21, 14, 1], [0, 5, 20, 32, 8], [0, 0, 9, 25, 24]]","[[0, 0, 0, 0, 7], [0, 2, 0, 0, 23], [0, 0, 0, 0, 45], [0, 0, 0, 1, 64], [0, 0, 0, 0, 58]]",zero_normalized_baseline
step_10_N,M+MR,"['M', 'MR']",MR,2,2026,200,0.475,0.3974786685372783,0.125,0.04444444444444444,-0.35,-0.35303422409283386,"[[0, 5, 0, 2, 0], [0, 18, 3, 4, 0], [0, 9, 21, 14, 1], [0, 5, 20, 32, 8], [0, 0, 9, 25, 24]]","[[0, 7, 0, 0, 0], [0, 25, 0, 0, 0], [0, 45, 0, 0, 0], [0, 65, 0, 0, 0], [0, 58, 0, 0, 0]]",zero_normalized_baseline
step_10_N,M+MR,"['M', 'MR']",M,3,2026,199,0.45226130653266333,0.3679019489652401,0.2964824120603015,0.10260135926880712,-0.15577889447236182,-0.265300589696433,"[[0, 4, 1, 0, 2], [0, 13, 4, 1, 7], [1, 4, 14, 14, 12], [0, 4, 7, 30, 24], [0, 0, 8, 16, 33]]","[[0, 0, 0, 0, 7], [0, 0, 2, 1, 22], [0, 0, 0, 0, 45], [0, 0, 0, 2, 63], [0, 0, 0, 0, 57]]",zero_normalized_baseline
step_10_N,M+MR,"['M', 'MR']",MR,3,2026,199,0.45226130653266333,0.3679019489652401,0.12562814070351758,0.04464285714285714,-0.32663316582914576,-0.32325909182238294,"[[0, 4, 1, 0, 2], [0, 13, 4, 1, 7], [1, 4, 14, 14, 12], [0, 4, 7, 30, 24], [0, 0, 8, 16, 33]]","[[0, 7, 0, 0, 0], [0, 25, 0, 0, 0], [0, 45, 0, 0, 0], [0, 65, 0, 0, 0], [0, 57, 0, 0, 0]]",zero_normalized_baseline
step_10_N,M+MR,"['M', 'MR']",M,4,2026,198,0.4090909090909091,0.32832730953755784,0.3181818181818182,0.15157929293058153,-0.09090909090909094,-0.1767480166069763,"[[0, 4, 1, 2, 0], [1, 8, 14, 1, 0], [1, 8, 21, 13, 2], [0, 0, 23, 23, 19], [0, 2, 10, 16, 29]]","[[0, 0, 0, 0, 7], [0, 1, 7, 1, 15], [0, 1, 2, 2, 40], [0, 0, 3, 5, 57], [0, 0, 2, 0, 55]]",zero_normalized_baseline
step_10_N,M+MR,"['M', 'MR']",MR,4,2026,198,0.4090909090909091,0.32832730953755784,0.1111111111111111,0.04018264840182649,-0.297979797979798,-0.28814466113573134,"[[0, 4, 1, 2, 0], [1, 8, 14, 1, 0], [1, 8, 21, 13, 2], [0, 0, 23, 23, 19], [0, 2, 10, 16, 29]]","[[0, 7, 0, 0, 0], [2, 22, 0, 0, 0], [1, 44, 0, 0, 0], [0, 65, 0, 0, 0], [0, 57, 0, 0, 0]]",zero_normalized_baseline
step_10_N,M+MR,"['M', 'MR']",M,5,2026,197,0.47715736040609136,0.4533829443112114,0.29949238578680204,0.1349365350004736,-0.17766497461928932,-0.3184464093107378,"[[2, 3, 2, 0, 0], [2, 13, 9, 0, 0], [1, 4, 19, 12, 8], [0, 3, 17, 24, 21], [0, 2, 6, 13, 36]]","[[0, 0, 1, 0, 6], [0, 2, 3, 0, 19], [0, 0, 1, 2, 41], [0, 1, 1, 1, 62], [0, 0, 1, 1, 55]]",zero_normalized_baseline
step_10_N,M+MR,"['M', 'MR']",MR,5,2026,197,0.47715736040609136,0.4533829443112114,0.1218274111675127,0.04343891402714933,-0.35532994923857864,-0.40994403028406207,"[[2, 3, 2, 0, 0], [2, 13, 9, 0, 0], [1, 4, 19, 12, 8], [0, 3, 17, 24, 21], [0, 2, 6, 13, 36]]","[[0, 7, 0, 0, 0], [0, 24, 0, 0, 0], [0, 44, 0, 0, 0], [0, 65, 0, 0, 0], [0, 57, 0, 0, 0]]",zero_normalized_baseline
step_10_N,M+MB+MR,"['M', 'MB', 'MR']",M,1,42,202,0.49504950495049505,0.45693114531099965,0.400990099009901,0.24632709632709632,-0.09405940594059403,-0.21060404898390334,"[[2, 4, 1, 1, 0], [1, 12, 9, 2, 1], [2, 4, 21, 14, 4], [0, 2, 16, 24, 24], [0, 1, 11, 5, 41]]","[[0, 0, 5, 2, 1], [0, 0, 13, 10, 2], [0, 1, 10, 27, 7], [0, 0, 3, 29, 34], [0, 0, 2, 14, 42]]",zero_normalized_baseline
step_10_N,M+MB+MR,"['M', 'MB', 'MR']",MB,1,42,202,0.49504950495049505,0.45693114531099965,0.43564356435643564,0.3481746748055833,-0.0594059405940594,-0.10875647050541637,"[[2, 4, 1, 1, 0], [1, 12, 9, 2, 1], [2, 4, 21, 14, 4], [0, 2, 16, 24, 24], [0, 1, 11, 5, 41]]","[[0, 6, 1, 1, 0], [0, 21, 2, 1, 1], [2, 9, 13, 6, 15], [0, 4, 9, 12, 41], [0, 5, 6, 5, 42]]",zero_normalized_baseline
step_10_N,M+MB+MR,"['M', 'MB', 'MR']",MR,1,42,202,0.49504950495049505,0.45693114531099965,0.28217821782178215,0.20474926253687314,-0.2128712871287129,-0.2521818827741265,"[[2, 4, 1, 1, 0], [1, 12, 9, 2, 1], [2, 4, 21, 14, 4], [0, 2, 16, 24, 24], [0, 1, 11, 5, 41]]","[[0, 6, 1, 1, 0], [1, 23, 1, 0, 0], [2, 27, 10, 6, 0], [0, 31, 11, 23, 1], [2, 26, 12, 17, 1]]",zero_normalized_baseline
step_10_N,M+MB+MR,"['M', 'MB', 'MR']",M,2,42,200,0.545,0.4435570424891268,0.4,0.2277273645659854,-0.14500000000000002,-0.2158296779231414,"[[0, 4, 1, 2, 0], [1, 17, 4, 3, 0], [0, 7, 20, 15, 3], [0, 7, 11, 40, 7], [0, 1, 3, 22, 32]]","[[0, 0, 0, 7, 0], [0, 2, 0, 23, 0], [0, 0, 2, 42, 1], [0, 0, 1, 60, 4], [0, 0, 0, 42, 16]]",zero_normalized_baseline
step_10_N,M+MB+MR,"['M', 'MB', 'MR']",MB,2,42,200,0.545,0.4435570424891268,0.42,0.332617170097122,-0.12500000000000006,-0.11093987239200481,"[[0, 4, 1, 2, 0], [1, 17, 4, 3, 0], [0, 7, 20, 15, 3], [0, 7, 11, 40, 7], [0, 1, 3, 22, 32]]","[[0, 5, 1, 0, 1], [0, 18, 4, 0, 3], [0, 15, 14, 5, 11], [0, 12, 15, 17, 21], [0, 6, 8, 9, 35]]",zero_normalized_baseline
step_10_N,M+MB+MR,"['M', 'MB', 'MR']",MR,2,42,200,0.545,0.4435570424891268,0.2,0.11940963519910888,-0.34500000000000003,-0.3241474072900179,"[[0, 4, 1, 2, 0], [1, 17, 4, 3, 0], [0, 7, 20, 15, 3], [0, 7, 11, 40, 7], [0, 1, 3, 22, 32]]","[[0, 6, 1, 0, 0], [1, 20, 4, 0, 0], [0, 25, 20, 0, 0], [0, 34, 31, 0, 0], [0, 23, 34, 1, 0]]",zero_normalized_baseline
step_10_N,M+MB+MR,"['M', 'MB', 'MR']",M,3,42,199,0.45226130653266333,0.354240981854421,0.4472361809045226,0.28995880281143444,-0.005025125628140725,-0.06428217904298655,"[[0, 4, 2, 0, 1], [1, 8, 10, 2, 4], [0, 5, 18, 16, 6], [1, 1, 13, 36, 14], [0, 0, 6, 23, 28]]","[[0, 1, 0, 4, 2], [0, 2, 12, 11, 0], [0, 1, 12, 28, 4], [0, 0, 5, 56, 4], [0, 0, 8, 30, 19]]",zero_normalized_baseline
step_10_N,M+MB+MR,"['M', 'MB', 'MR']",MB,3,42,199,0.45226130653266333,0.354240981854421,0.35175879396984927,0.2648910996575921,-0.10050251256281406,-0.08934988219682888,"[[0, 4, 2, 0, 1], [1, 8, 10, 2, 4], [0, 5, 18, 16, 6], [1, 1, 13, 36, 14], [0, 0, 6, 23, 28]]","[[0, 2, 3, 1, 1], [1, 4, 13, 2, 5], [0, 4, 24, 9, 8], [0, 1, 24, 15, 25], [0, 1, 18, 11, 27]]",zero_normalized_baseline
step_10_N,M+MB+MR,"['M', 'MB', 'MR']",MR,3,42,199,0.45226130653266333,0.354240981854421,0.12562814070351758,0.045454545454545456,-0.32663316582914576,-0.3087864363998755,"[[0, 4, 2, 0, 1], [1, 8, 10, 2, 4], [0, 5, 18, 16, 6], [1, 1, 13, 36, 14], [0, 0, 6, 23, 28]]","[[0, 7, 0, 0, 0], [0, 25, 0, 0, 0], [0, 45, 0, 0, 0], [3, 62, 0, 0, 0], [0, 56, 1, 0, 0]]",zero_normalized_baseline
step_10_N,M+MB+MR,"['M', 'MB', 'MR']",M,4,42,198,0.4393939393939394,0.34737288676236044,0.4292929292929293,0.2950204329475609,-0.01010101010101011,-0.05235245381479953,"[[0, 3, 1, 0, 3], [3, 8, 11, 2, 0], [1, 7, 17, 15, 5], [1, 2, 15, 27, 20], [0, 0, 6, 16, 35]]","[[0, 0, 2, 4, 1], [0, 2, 5, 16, 1], [0, 1, 11, 30, 3], [0, 0, 6, 39, 20], [0, 0, 2, 22, 33]]",zero_normalized_baseline
step_10_N,M+MB+MR,"['M', 'MB', 'MR']",MB,4,42,198,0.4393939393939394,0.34737288676236044,0.41919191919191917,0.3365584230214547,-0.02020202020202022,-0.010814463740905722,"[[0, 3, 1, 0, 3], [3, 8, 11, 2, 0], [1, 7, 17, 15, 5], [1, 2, 15, 27, 20], [0, 0, 6, 16, 35]]","[[0, 5, 1, 0, 1], [1, 16, 7, 0, 0], [0, 16, 18, 8, 3], [0, 11, 21, 15, 18], [0, 5, 13, 5, 34]]",zero_normalized_baseline
step_10_N,M+MB+MR,"['M', 'MB', 'MR']",MR,4,42,198,0.4393939393939394,0.34737288676236044,0.12626262626262627,0.08336120401337792,-0.31313131313131315,-0.2640116827489825,"[[0, 3, 1, 0, 3], [3, 8, 11, 2, 0], [1, 7, 17, 15, 5], [1, 2, 15, 27, 20], [0, 0, 6, 16, 35]]","[[1, 6, 0, 0, 0], [1, 23, 0, 0, 0], [1, 44, 0, 0, 0], [1, 60, 3, 1, 0], [1, 51, 2, 3, 0]]",zero_normalized_baseline
step_10_N,M+MB+MR,"['M', 'MB', 'MR']",M,5,42,197,0.49238578680203043,0.43683899485426203,0.4517766497461929,0.35429907979321856,-0.04060913705583752,-0.08253991506104347,"[[1, 2, 4, 0, 0], [2, 14, 6, 1, 1], [2, 6, 15, 17, 4], [0, 1, 16, 33, 15], [0, 2, 6, 15, 34]]","[[1, 0, 3, 3, 0], [0, 4, 4, 13, 3], [0, 1, 5, 29, 9], [0, 0, 3, 42, 20], [0, 0, 3, 17, 37]]",zero_normalized_baseline
step_10_N,M+MB+MR,"['M', 'MB', 'MR']",MB,5,42,197,0.49238578680203043,0.43683899485426203,0.47715736040609136,0.37251824616486273,-0.015228426395939076,-0.0643207486893993,"[[1, 2, 4, 0, 0], [2, 14, 6, 1, 1], [2, 6, 15, 17, 4], [0, 1, 16, 33, 15], [0, 2, 6, 15, 34]]","[[0, 3, 4, 0, 0], [0, 18, 4, 1, 1], [0, 12, 13, 6, 13], [0, 6, 12, 17, 30], [0, 2, 3, 6, 46]]",zero_normalized_baseline
step_10_N,M+MB+MR,"['M', 'MB', 'MR']",MR,5,42,197,0.49238578680203043,0.43683899485426203,0.233502538071066,0.2056577623561835,-0.25888324873096447,-0.23118123249807854,"[[1, 2, 4, 0, 0], [2, 14, 6, 1, 1], [2, 6, 15, 17, 4], [0, 1, 16, 33, 15], [0, 2, 6, 15, 34]]","[[3, 3, 1, 0, 0], [2, 17, 4, 1, 0], [6, 24, 2, 11, 1], [3, 28, 12, 21, 1], [4, 20, 4, 26, 3]]",zero_normalized_baseline
step_10_N,M+MB+MR,"['M', 'MB', 'MR']",M,1,3407,202,0.48514851485148514,0.422577943756012,0.45544554455445546,0.3619686858691198,-0.029702970297029674,-0.0606092578868922,"[[1, 3, 3, 1, 0], [1, 12, 9, 3, 0], [0, 6, 12, 24, 3], [0, 2, 11, 32, 21], [0, 0, 6, 11, 41]]","[[2, 0, 1, 1, 4], [0, 2, 13, 7, 3], [1, 0, 7, 31, 6], [0, 0, 3, 35, 28], [0, 0, 1, 11, 46]]",zero_normalized_baseline
step_10_N,M+MB+MR,"['M', 'MB', 'MR']",MB,1,3407,202,0.48514851485148514,0.422577943756012,0.4752475247524752,0.3686535855036804,-0.00990099009900991,-0.053924358252331606,"[[1, 3, 3, 1, 0], [1, 12, 9, 3, 0], [0, 6, 12, 24, 3], [0, 2, 11, 32, 21], [0, 0, 6, 11, 41]]","[[0, 7, 1, 0, 0], [0, 23, 0, 0, 2], [0, 13, 10, 18, 4], [0, 10, 6, 43, 7], [0, 7, 3, 28, 20]]",zero_normalized_baseline
step_10_N,M+MB+MR,"['M', 'MB', 'MR']",MR,1,3407,202,0.48514851485148514,0.422577943756012,0.13366336633663367,0.0626404874746107,-0.35148514851485146,-0.3599374562814013,"[[1, 3, 3, 1, 0], [1, 12, 9, 3, 0], [0, 6, 12, 24, 3], [0, 2, 11, 32, 21], [0, 0, 6, 11, 41]]","[[0, 8, 0, 0, 0], [1, 24, 0, 0, 0], [2, 43, 0, 0, 0], [3, 57, 3, 3, 0], [1, 54, 2, 1, 0]]",zero_normalized_baseline
step_10_N,M+MB+MR,"['M', 'MB', 'MR']",M,2,3407,200,0.53,0.48073032234787216,0.44,0.2971869182250132,-0.09000000000000002,-0.18354340412285897,"[[1, 1, 3, 2, 0], [1, 14, 8, 2, 0], [0, 4, 28, 10, 3], [0, 3, 16, 39, 7], [0, 0, 5, 29, 24]]","[[0, 0, 1, 6, 0], [0, 4, 4, 17, 0], [0, 0, 7, 34, 4], [0, 0, 3, 58, 4], [0, 0, 0, 39, 19]]",zero_normalized_baseline
step_10_N,M+MB+MR,"['M', 'MB', 'MR']",MB,2,3407,200,0.53,0.48073032234787216,0.38,0.31065521249714656,-0.15000000000000002,-0.1700751098507256,"[[1, 1, 3, 2, 0], [1, 14, 8, 2, 0], [0, 4, 28, 10, 3], [0, 3, 16, 39, 7], [0, 0, 5, 29, 24]]","[[0, 4, 3, 0, 0], [0, 21, 4, 0, 0], [0, 16, 21, 3, 5], [0, 12, 31, 11, 11], [0, 10, 11, 14, 23]]",zero_normalized_baseline
step_10_N,M+MB+MR,"['M', 'MB', 'MR']",MR,2,3407,200,0.53,0.48073032234787216,0.145,0.071609667122663,-0.385,-0.40912065522520913,"[[1, 1, 3, 2, 0], [1, 14, 8, 2, 0], [0, 4, 28, 10, 3], [0, 3, 16, 39, 7], [0, 0, 5, 29, 24]]","[[0, 7, 0, 0, 0], [0, 25, 0, 0, 0], [0, 45, 0, 0, 0], [0, 63, 0, 2, 0], [0, 50, 5, 1, 2]]",zero_normalized_baseline
step_10_N,M+MB+MR,"['M', 'MB', 'MR']",M,3,3407,199,0.46733668341708545,0.37735617414698297,0.45226130653266333,0.33462323015991824,-0.01507537688442212,-0.04273294398706473,"[[0, 4, 2, 0, 1], [0, 11, 8, 2, 4], [1, 5, 23, 7, 9], [0, 2, 17, 28, 18], [0, 2, 12, 12, 31]]","[[0, 3, 1, 1, 2], [0, 6, 10, 4, 5], [1, 2, 16, 10, 16], [0, 2, 8, 21, 34], [0, 0, 4, 6, 47]]",zero_normalized_baseline
step_10_N,M+MB+MR,"['M', 'MB', 'MR']",MB,3,3407,199,0.46733668341708545,0.37735617414698297,0.3417085427135678,0.2716431884308472,-0.12562814070351763,-0.10571298571613574,"[[0, 4, 2, 0, 1], [0, 11, 8, 2, 4], [1, 5, 23, 7, 9], [0, 2, 17, 28, 18], [0, 2, 12, 12, 31]]","[[0, 4, 2, 1, 0], [0, 13, 9, 3, 0], [0, 10, 24, 7, 4], [1, 13, 23, 22, 6], [0, 7, 23, 18, 9]]",zero_normalized_baseline
step_10_N,M+MB+MR,"['M', 'MB', 'MR']",MR,3,3407,199,0.46733668341708545,0.37735617414698297,0.1407035175879397,0.08060432829726419,-0.32663316582914576,-0.2967518458497188,"[[0, 4, 2, 0, 1], [0, 11, 8, 2, 4], [1, 5, 23, 7, 9], [0, 2, 17, 28, 18], [0, 2, 12, 12, 31]]","[[0, 6, 1, 0, 0], [2, 21, 2, 0, 0], [1, 37, 7, 0, 0], [0, 53, 12, 0, 0], [1, 44, 12, 0, 0]]",zero_normalized_baseline
step_10_N,M+MB+MR,"['M', 'MB', 'MR']",M,4,3407,198,0.4494949494949495,0.3500429648323443,0.40404040404040403,0.30760917226078277,-0.04545454545454547,-0.042433792571561546,"[[0, 4, 2, 0, 1], [2, 8, 12, 1, 1], [2, 8, 17, 15, 3], [0, 2, 17, 24, 22], [0, 0, 6, 11, 40]]","[[0, 0, 3, 1, 3], [1, 4, 9, 10, 0], [1, 0, 14, 26, 4], [0, 1, 17, 30, 17], [0, 0, 5, 20, 32]]",zero_normalized_baseline
step_10_N,M+MB+MR,"['M', 'MB', 'MR']",MB,4,3407,198,0.4494949494949495,0.3500429648323443,0.40404040404040403,0.32226893222019937,-0.04545454545454547,-0.02777403261214495,"[[0, 4, 2, 0, 1], [2, 8, 12, 1, 1], [2, 8, 17, 15, 3], [0, 2, 17, 24, 22], [0, 0, 6, 11, 40]]","[[0, 2, 4, 0, 1], [0, 11, 12, 1, 0], [0, 7, 33, 2, 3], [0, 4, 39, 9, 13], [0, 3, 22, 5, 27]]",zero_normalized_baseline
step_10_N,M+MB+MR,"['M', 'MB', 'MR']",MR,4,3407,198,0.4494949494949495,0.3500429648323443,0.13636363636363635,0.0620026702269693,-0.31313131313131315,-0.288040294605375,"[[0, 4, 2, 0, 1], [2, 8, 12, 1, 1], [2, 8, 17, 15, 3], [0, 2, 17, 24, 22], [0, 0, 6, 11, 40]]","[[0, 7, 0, 0, 0], [0, 24, 0, 0, 0], [0, 45, 0, 0, 0], [1, 60, 1, 3, 0], [0, 54, 1, 2, 0]]",zero_normalized_baseline
step_10_N,M+MB+MR,"['M', 'MB', 'MR']",M,5,3407,197,0.5076142131979695,0.43809230890558143,0.4517766497461929,0.3656193208990913,-0.055837563451776595,-0.0724729880064901,"[[1, 3, 3, 0, 0], [2, 13, 7, 1, 1], [2, 7, 17, 14, 4], [0, 3, 9, 37, 16], [0, 3, 7, 15, 32]]","[[0, 2, 5, 0, 0], [0, 11, 7, 5, 1], [0, 2, 11, 23, 8], [0, 1, 7, 39, 18], [0, 0, 8, 21, 28]]",zero_normalized_baseline
step_10_N,M+MB+MR,"['M', 'MB', 'MR']",MB,5,3407,197,0.5076142131979695,0.43809230890558143,0.40609137055837563,0.3241929810242613,-0.10152284263959388,-0.11389932788132012,"[[1, 3, 3, 0, 0], [2, 13, 7, 1, 1], [2, 7, 17, 14, 4], [0, 3, 9, 37, 16], [0, 3, 7, 15, 32]]","[[0, 5, 2, 0, 0], [0, 20, 3, 0, 1], [1, 16, 15, 5, 7], [0, 11, 22, 12, 20], [0, 8, 9, 7, 33]]",zero_normalized_baseline
step_10_N,M+MB+MR,"['M', 'MB', 'MR']",MR,5,3407,197,0.5076142131979695,0.43809230890558143,0.14720812182741116,0.11237667551200925,-0.36040609137055835,-0.3257156333935722,"[[1, 3, 3, 0, 0], [2, 13, 7, 1, 1], [2, 7, 17, 14, 4], [0, 3, 9, 37, 16], [0, 3, 7, 15, 32]]","[[4, 3, 0, 0, 0], [4, 20, 0, 0, 0], [11, 29, 3, 1, 0], [20, 38, 5, 2, 0], [26, 28, 2, 1, 0]]",zero_normalized_baseline
step_10_N,M+MB+MR,"['M', 'MB', 'MR']",M,1,2026,202,0.49504950495049505,0.3925600325600326,0.4158415841584158,0.261538938928865,-0.07920792079207922,-0.1310210936311676,"[[0, 6, 2, 0, 0], [0, 14, 6, 3, 2], [1, 5, 12, 21, 6], [1, 1, 9, 30, 25], [0, 1, 7, 6, 44]]","[[0, 1, 1, 2, 4], [0, 2, 7, 11, 5], [0, 2, 6, 21, 16], [0, 0, 4, 27, 35], [0, 0, 0, 9, 49]]",zero_normalized_baseline
step_10_N,M+MB+MR,"['M', 'MB', 'MR']",MB,1,2026,202,0.49504950495049505,0.3925600325600326,0.4900990099009901,0.3827159711437724,-0.004950495049504955,-0.009844061416260153,"[[0, 6, 2, 0, 0], [0, 14, 6, 3, 2], [1, 5, 12, 21, 6], [1, 1, 9, 30, 25], [0, 1, 7, 6, 44]]","[[0, 6, 2, 0, 0], [0, 17, 3, 1, 4], [0, 9, 11, 12, 13], [0, 3, 7, 27, 29], [0, 4, 3, 7, 44]]",zero_normalized_baseline
step_10_N,M+MB+MR,"['M', 'MB', 'MR']",MR,1,2026,202,0.49504950495049505,0.3925600325600326,0.1485148514851485,0.07683494450411744,-0.3465346534653465,-0.31572508805591515,"[[0, 6, 2, 0, 0], [0, 14, 6, 3, 2], [1, 5, 12, 21, 6], [1, 1, 9, 30, 25], [0, 1, 7, 6, 44]]","[[0, 8, 0, 0, 0], [0, 25, 0, 0, 0], [0, 40, 1, 4, 0], [1, 60, 0, 4, 1], [1, 52, 3, 2, 0]]",zero_normalized_baseline
step_10_N,M+MB+MR,"['M', 'MB', 'MR']",M,2,2026,200,0.505,0.4235677108766337,0.44,0.3234102041700984,-0.065,-0.10015750670653528,"[[0, 4, 1, 2, 0], [0, 18, 4, 3, 0], [0, 4, 23, 13, 5], [0, 6, 15, 35, 9], [0, 1, 3, 29, 25]]","[[0, 0, 3, 2, 2], [0, 8, 2, 12, 3], [0, 0, 4, 31, 10], [0, 1, 3, 47, 14], [0, 0, 2, 27, 29]]",zero_normalized_baseline
step_10_N,M+MB+MR,"['M', 'MB', 'MR']",MB,2,2026,200,0.505,0.4235677108766337,0.335,0.267603305785124,-0.16999999999999998,-0.15596440509150972,"[[0, 4, 1, 2, 0], [0, 18, 4, 3, 0], [0, 4, 23, 13, 5], [0, 6, 15, 35, 9], [0, 1, 3, 29, 25]]","[[0, 6, 1, 0, 0], [1, 22, 1, 1, 0], [0, 24, 9, 9, 3], [0, 22, 14, 21, 8], [0, 11, 7, 25, 15]]",zero_normalized_baseline
step_10_N,M+MB+MR,"['M', 'MB', 'MR']",MR,2,2026,200,0.505,0.4235677108766337,0.175,0.1037145269173323,-0.33,-0.3198531839593014,"[[0, 4, 1, 2, 0], [0, 18, 4, 3, 0], [0, 4, 23, 13, 5], [0, 6, 15, 35, 9], [0, 1, 3, 29, 25]]","[[0, 7, 0, 0, 0], [0, 25, 0, 0, 0], [0, 36, 9, 0, 0], [0, 47, 18, 0, 0], [0, 40, 15, 2, 1]]",zero_normalized_baseline
step_10_N,M+MB+MR,"['M', 'MB', 'MR']",M,3,2026,199,0.4623115577889447,0.3685473552108297,0.36683417085427134,0.21307347887336583,-0.09547738693467339,-0.15547387633746387,"[[0, 5, 1, 0, 1], [0, 11, 6, 2, 6], [0, 4, 15, 14, 12], [0, 0, 10, 26, 29], [0, 0, 6, 11, 40]]","[[0, 1, 3, 2, 1], [0, 1, 10, 3, 11], [0, 2, 4, 17, 22], [0, 0, 1, 20, 44], [0, 0, 0, 9, 48]]",zero_normalized_baseline
step_10_N,M+MB+MR,"['M', 'MB', 'MR']",MB,3,2026,199,0.4623115577889447,0.3685473552108297,0.3869346733668342,0.27891948706308656,-0.07537688442211055,-0.08962786814774315,"[[0, 5, 1, 0, 1], [0, 11, 6, 2, 6], [0, 4, 15, 14, 12], [0, 0, 10, 26, 29], [0, 0, 6, 11, 40]]","[[0, 5, 1, 0, 1], [1, 13, 2, 1, 8], [1, 13, 9, 2, 20], [0, 6, 10, 8, 41], [0, 3, 6, 1, 47]]",zero_normalized_baseline
step_10_N,M+MB+MR,"['M', 'MB', 'MR']",MR,3,2026,199,0.4623115577889447,0.3685473552108297,0.1457286432160804,0.1073009094803868,-0.31658291457286436,-0.2612464457304429,"[[0, 5, 1, 0, 1], [0, 11, 6, 2, 6], [0, 4, 15, 14, 12], [0, 0, 10, 26, 29], [0, 0, 6, 11, 40]]","[[1, 5, 1, 0, 0], [4, 20, 1, 0, 0], [10, 29, 3, 3, 0], [3, 51, 7, 4, 0], [4, 42, 9, 1, 1]]",zero_normalized_baseline
step_10_N,M+MB+MR,"['M', 'MB', 'MR']",M,4,2026,198,0.45454545454545453,0.3559671907040328,0.4393939393939394,0.30078502040224525,-0.015151515151515138,-0.05518217030178757,"[[0, 3, 2, 0, 2], [0, 8, 13, 3, 0], [1, 7, 15, 17, 5], [0, 0, 18, 32, 15], [0, 0, 7, 15, 35]]","[[0, 0, 2, 0, 5], [0, 3, 5, 9, 7], [0, 0, 10, 13, 22], [0, 0, 5, 27, 33], [0, 0, 3, 7, 47]]",zero_normalized_baseline
step_10_N,M+MB+MR,"['M', 'MB', 'MR']",MB,4,2026,198,0.45454545454545453,0.3559671907040328,0.4090909090909091,0.32842723118671135,-0.045454545454545414,-0.027539959517321466,"[[0, 3, 2, 0, 2], [0, 8, 13, 3, 0], [1, 7, 15, 17, 5], [0, 0, 18, 32, 15], [0, 0, 7, 15, 35]]","[[0, 2, 4, 1, 0], [0, 8, 14, 2, 0], [0, 8, 21, 15, 1], [0, 1, 26, 33, 5], [0, 1, 16, 21, 19]]",zero_normalized_baseline
step_10_N,M+MB+MR,"['M', 'MB', 'MR']",MR,4,2026,198,0.45454545454545453,0.3559671907040328,0.14646464646464646,0.08677627856738732,-0.30808080808080807,-0.2691909121366455,"[[0, 3, 2, 0, 2], [0, 8, 13, 3, 0], [1, 7, 15, 17, 5], [0, 0, 18, 32, 15], [0, 0, 7, 15, 35]]","[[0, 6, 1, 0, 0], [1, 22, 1, 0, 0], [0, 39, 4, 2, 0], [1, 52, 9, 3, 0], [1, 45, 8, 3, 0]]",zero_normalized_baseline
step_10_N,M+MB+MR,"['M', 'MB', 'MR']",M,5,2026,197,0.45685279187817257,0.4549556206357052,0.43147208121827413,0.29176137252439527,-0.025380710659898442,-0.16319424811130995,"[[3, 2, 2, 0, 0], [2, 12, 8, 1, 1], [0, 7, 20, 8, 9], [0, 2, 22, 21, 20], [2, 0, 10, 11, 34]]","[[0, 0, 3, 1, 3], [0, 3, 10, 6, 5], [0, 0, 7, 24, 13], [0, 0, 7, 33, 25], [0, 0, 3, 12, 42]]",zero_normalized_baseline
step_10_N,M+MB+MR,"['M', 'MB', 'MR']",MB,5,2026,197,0.45685279187817257,0.4549556206357052,0.41116751269035534,0.31643694502385084,-0.04568527918781723,-0.13851867561185438,"[[3, 2, 2, 0, 0], [2, 12, 8, 1, 1], [0, 7, 20, 8, 9], [0, 2, 22, 21, 20], [2, 0, 10, 11, 34]]","[[0, 6, 1, 0, 0], [0, 19, 3, 0, 2], [1, 14, 14, 5, 10], [0, 12, 17, 9, 27], [1, 11, 2, 4, 39]]",zero_normalized_baseline
step_10_N,M+MB+MR,"['M', 'MB', 'MR']",MR,5,2026,197,0.45685279187817257,0.4549556206357052,0.16243654822335024,0.13495172843350978,-0.29441624365482233,-0.32000389220219544,"[[3, 2, 2, 0, 0], [2, 12, 8, 1, 1], [0, 7, 20, 8, 9], [0, 2, 22, 21, 20], [2, 0, 10, 11, 34]]","[[1, 5, 1, 0, 0], [1, 18, 5, 0, 0], [4, 34, 5, 1, 0], [5, 47, 6, 6, 1], [6, 41, 4, 4, 2]]",zero_normalized_baseline
step_10_N,M+MB+MP+MR+MUV,"['M', 'MB', 'MP', 'MR', 'MUV']",M,1,42,202,0.5099009900990099,0.42076609139350607,0.44554455445544555,0.37298422336657105,-0.06435643564356436,-0.047781868026935015,"[[0, 4, 3, 1, 0], [0, 14, 9, 1, 1], [1, 4, 21, 13, 6], [1, 0, 18, 25, 22], [0, 0, 6, 9, 43]]","[[1, 2, 3, 0, 2], [6, 8, 7, 2, 2], [1, 5, 19, 16, 4], [1, 0, 18, 19, 28], [0, 1, 7, 7, 43]]",zero_normalized_baseline
step_10_N,M+MB+MP+MR+MUV,"['M', 'MB', 'MP', 'MR', 'MUV']",MB,1,42,202,0.5099009900990099,0.42076609139350607,0.42574257425742573,0.3550223818252098,-0.08415841584158418,-0.06574370956829628,"[[0, 4, 3, 1, 0], [0, 14, 9, 1, 1], [1, 4, 21, 13, 6], [1, 0, 18, 25, 22], [0, 0, 6, 9, 43]]","[[1, 4, 0, 1, 2], [3, 18, 0, 0, 4], [1, 9, 11, 4, 20], [1, 8, 6, 10, 41], [1, 3, 5, 3, 46]]",zero_normalized_baseline
step_10_N,M+MB+MP+MR+MUV,"['M', 'MB', 'MP', 'MR', 'MUV']",MP,1,42,202,0.5099009900990099,0.42076609139350607,0.4801980198019802,0.4329004540881529,-0.02970297029702973,0.01213436269464685,"[[0, 4, 3, 1, 0], [0, 14, 9, 1, 1], [1, 4, 21, 13, 6], [1, 0, 18, 25, 22], [0, 0, 6, 9, 43]]","[[1, 3, 2, 1, 1], [2, 14, 6, 2, 1], [1, 3, 17, 21, 3], [0, 1, 14, 28, 23], [1, 0, 8, 12, 37]]",zero_normalized_baseline
step_10_N,M+MB+MP+MR+MUV,"['M', 'MB', 'MP', 'MR', 'MUV']",MR,1,42,202,0.5099009900990099,0.42076609139350607,0.1782178217821782,0.14259860736678337,-0.3316831683168317,-0.2781674840267227,"[[0, 4, 3, 1, 0], [0, 14, 9, 1, 1], [1, 4, 21, 13, 6], [1, 0, 18, 25, 22], [0, 0, 6, 9, 43]]","[[1, 6, 1, 0, 0], [4, 21, 0, 0, 0], [3, 38, 2, 1, 1], [6, 49, 5, 3, 3], [11, 33, 5, 0, 9]]",zero_normalized_baseline
step_10_N,M+MB+MP+MR+MUV,"['M', 'MB', 'MP', 'MR', 'MUV']",MUV,1,42,202,0.5099009900990099,0.42076609139350607,0.39603960396039606,0.2929864253393665,-0.11386138613861385,-0.1277796660541396,"[[0, 4, 3, 1, 0], [0, 14, 9, 1, 1], [1, 4, 21, 13, 6], [1, 0, 18, 25, 22], [0, 0, 6, 9, 43]]","[[0, 3, 4, 1, 0], [0, 3, 16, 6, 0], [0, 2, 19, 22, 2], [0, 0, 20, 30, 16], [0, 1, 10, 19, 28]]",zero_normalized_baseline
step_10_N,M+MB+MP+MR+MUV,"['M', 'MB', 'MP', 'MR', 'MUV']",M,2,42,200,0.44,0.36626360633442234,0.51,0.40771390552350706,0.07,0.041450299189084716,"[[0, 4, 1, 2, 0], [2, 16, 5, 1, 1], [0, 10, 18, 11, 6], [0, 4, 21, 30, 10], [0, 2, 3, 29, 24]]","[[0, 3, 0, 4, 0], [0, 16, 1, 3, 5], [0, 4, 10, 21, 10], [0, 3, 2, 44, 16], [0, 0, 1, 25, 32]]",zero_normalized_baseline
step_10_N,M+MB+MP+MR+MUV,"['M', 'MB', 'MP', 'MR', 'MUV']",MB,2,42,200,0.44,0.36626360633442234,0.465,0.3695494631114042,0.025000000000000022,0.0032858567769818436,"[[0, 4, 1, 2, 0], [2, 16, 5, 1, 1], [0, 10, 18, 11, 6], [0, 4, 21, 30, 10], [0, 2, 3, 29, 24]]","[[0, 4, 0, 3, 0], [0, 20, 2, 2, 1], [0, 18, 12, 9, 6], [0, 16, 10, 28, 11], [0, 4, 2, 19, 33]]",zero_normalized_baseline
step_10_N,M+MB+MP+MR+MUV,"['M', 'MB', 'MP', 'MR', 'MUV']",MP,2,42,200,0.44,0.36626360633442234,0.505,0.4082817132112907,0.065,0.042018106876868355,"[[0, 4, 1, 2, 0], [2, 16, 5, 1, 1], [0, 10, 18, 11, 6], [0, 4, 21, 30, 10], [0, 2, 3, 29, 24]]","[[0, 4, 0, 3, 0], [1, 15, 4, 3, 2], [0, 6, 16, 16, 7], [0, 5, 4, 41, 15], [0, 1, 2, 26, 29]]",zero_normalized_baseline
step_10_N,M+MB+MP+MR+MUV,"['M', 'MB', 'MP', 'MR', 'MUV']",MR,2,42,200,0.44,0.36626360633442234,0.21,0.15671817995490878,-0.23,-0.20954542637951357,"[[0, 4, 1, 2, 0], [2, 16, 5, 1, 1], [0, 10, 18, 11, 6], [0, 4, 21, 30, 10], [0, 2, 3, 29, 24]]","[[0, 5, 2, 0, 0], [0, 24, 1, 0, 0], [0, 36, 6, 3, 0], [0, 47, 14, 3, 1], [0, 31, 7, 11, 9]]",zero_normalized_baseline
step_10_N,M+MB+MP+MR+MUV,"['M', 'MB', 'MP', 'MR', 'MUV']",MUV,2,42,200,0.44,0.36626360633442234,0.49,0.36542086880753405,0.04999999999999999,-0.0008427375268882931,"[[0, 4, 1, 2, 0], [2, 16, 5, 1, 1], [0, 10, 18, 11, 6], [0, 4, 21, 30, 10], [0, 2, 3, 29, 24]]","[[0, 2, 0, 5, 0], [1, 5, 6, 12, 1], [0, 1, 16, 25, 3], [0, 0, 4, 48, 13], [0, 1, 0, 28, 29]]",zero_normalized_baseline
step_10_N,M+MB+MP+MR+MUV,"['M', 'MB', 'MP', 'MR', 'MUV']",M,3,42,199,0.5125628140703518,0.42347691392165787,0.5125628140703518,0.40928571428571436,0.0,-0.014191199635943508,"[[0, 5, 1, 0, 1], [0, 15, 2, 5, 3], [1, 3, 19, 15, 7], [1, 1, 7, 43, 13], [0, 0, 6, 26, 25]]","[[0, 5, 1, 0, 1], [0, 13, 3, 8, 1], [2, 2, 15, 18, 8], [0, 2, 7, 46, 10], [0, 1, 4, 24, 28]]",zero_normalized_baseline
step_10_N,M+MB+MP+MR+MUV,"['M', 'MB', 'MP', 'MR', 'MUV']",MB,3,42,199,0.5125628140703518,0.42347691392165787,0.4020100502512563,0.3318368362562186,-0.11055276381909546,-0.09164007766543925,"[[0, 5, 1, 0, 1], [0, 15, 2, 5, 3], [1, 3, 19, 15, 7], [1, 1, 7, 43, 13], [0, 0, 6, 26, 25]]","[[0, 3, 2, 1, 1], [0, 14, 2, 5, 4], [2, 8, 14, 13, 8], [1, 5, 10, 35, 14], [2, 1, 5, 32, 17]]",zero_normalized_baseline
step_10_N,M+MB+MP+MR+MUV,"['M', 'MB', 'MP', 'MR', 'MUV']",MP,3,42,199,0.5125628140703518,0.42347691392165787,0.4321608040201005,0.3364703764370743,-0.08040201005025127,-0.08700653748458359,"[[0, 5, 1, 0, 1], [0, 15, 2, 5, 3], [1, 3, 19, 15, 7], [1, 1, 7, 43, 13], [0, 0, 6, 26, 25]]","[[0, 4, 2, 0, 1], [0, 14, 5, 6, 0], [0, 8, 18, 19, 0], [0, 0, 19, 46, 0], [0, 0, 8, 41, 8]]",zero_normalized_baseline
step_10_N,M+MB+MP+MR+MUV,"['M', 'MB', 'MP', 'MR', 'MUV']",MR,3,42,199,0.5125628140703518,0.42347691392165787,0.1708542713567839,0.11539050931379272,-0.3417085427135679,-0.3080864046078652,"[[0, 5, 1, 0, 1], [0, 15, 2, 5, 3], [1, 3, 19, 15, 7], [1, 1, 7, 43, 13], [0, 0, 6, 26, 25]]","[[0, 7, 0, 0, 0], [1, 23, 1, 0, 0], [1, 37, 5, 2, 0], [1, 57, 3, 4, 0], [0, 45, 7, 3, 2]]",zero_normalized_baseline
step_10_N,M+MB+MP+MR+MUV,"['M', 'MB', 'MP', 'MR', 'MUV']",MUV,3,42,199,0.5125628140703518,0.42347691392165787,0.3969849246231156,0.2467274157992355,-0.11557788944723618,-0.17674949812242238,"[[0, 5, 1, 0, 1], [0, 15, 2, 5, 3], [1, 3, 19, 15, 7], [1, 1, 7, 43, 13], [0, 0, 6, 26, 25]]","[[0, 2, 4, 1, 0], [0, 2, 17, 4, 2], [0, 2, 24, 18, 1], [0, 0, 15, 48, 2], [0, 0, 13, 39, 5]]",zero_normalized_baseline
step_10_N,M+MB+MP+MR+MUV,"['M', 'MB', 'MP', 'MR', 'MUV']",M,4,42,198,0.4595959595959596,0.3565649118057751,0.4595959595959596,0.336605860588063,0.0,-0.019959051217712076,"[[0, 3, 1, 3, 0], [4, 8, 8, 4, 0], [2, 8, 12, 21, 2], [1, 1, 10, 40, 13], [0, 0, 2, 24, 31]]","[[0, 3, 1, 2, 1], [1, 5, 6, 10, 2], [1, 5, 12, 23, 4], [0, 0, 13, 33, 19], [0, 0, 4, 12, 41]]",zero_normalized_baseline
step_10_N,M+MB+MP+MR+MUV,"['M', 'MB', 'MP', 'MR', 'MUV']",MB,4,42,198,0.4595959595959596,0.3565649118057751,0.46464646464646464,0.3833907844269421,0.0050505050505050275,0.02682587262116698,"[[0, 3, 1, 3, 0], [4, 8, 8, 4, 0], [2, 8, 12, 21, 2], [1, 1, 10, 40, 13], [0, 0, 2, 24, 31]]","[[1, 4, 1, 0, 1], [2, 9, 4, 7, 2], [3, 10, 12, 16, 4], [1, 4, 11, 37, 12], [1, 0, 5, 18, 33]]",zero_normalized_baseline
step_10_N,M+MB+MP+MR+MUV,"['M', 'MB', 'MP', 'MR', 'MUV']",MP,4,42,198,0.4595959595959596,0.3565649118057751,0.41414141414141414,0.3303150053401763,-0.04545454545454547,-0.02624990646559877,"[[0, 3, 1, 3, 0], [4, 8, 8, 4, 0], [2, 8, 12, 21, 2], [1, 1, 10, 40, 13], [0, 0, 2, 24, 31]]","[[0, 3, 2, 2, 0], [0, 10, 8, 6, 0], [1, 8, 10, 24, 2], [0, 1, 14, 31, 19], [0, 1, 3, 22, 31]]",zero_normalized_baseline
step_10_N,M+MB+MP+MR+MUV,"['M', 'MB', 'MP', 'MR', 'MUV']",MR,4,42,198,0.4595959595959596,0.3565649118057751,0.2222222222222222,0.19288937604027118,-0.2373737373737374,-0.16367553576550392,"[[0, 3, 1, 3, 0], [4, 8, 8, 4, 0], [2, 8, 12, 21, 2], [1, 1, 10, 40, 13], [0, 0, 2, 24, 31]]","[[2, 4, 0, 1, 0], [3, 19, 0, 2, 0], [5, 33, 1, 5, 1], [2, 43, 3, 17, 0], [2, 38, 2, 10, 5]]",zero_normalized_baseline
step_10_N,M+MB+MP+MR+MUV,"['M', 'MB', 'MP', 'MR', 'MUV']",MUV,4,42,198,0.4595959595959596,0.3565649118057751,0.5,0.3779337231968811,0.04040404040404039,0.021368811391106024,"[[0, 3, 1, 3, 0], [4, 8, 8, 4, 0], [2, 8, 12, 21, 2], [1, 1, 10, 40, 13], [0, 0, 2, 24, 31]]","[[0, 3, 3, 1, 0], [0, 5, 18, 1, 0], [1, 2, 34, 6, 2], [0, 2, 23, 32, 8], [0, 2, 12, 15, 28]]",zero_normalized_baseline
step_10_N,M+MB+MP+MR+MUV,"['M', 'MB', 'MP', 'MR', 'MUV']",M,5,42,197,0.49238578680203043,0.44400344561817107,0.45685279187817257,0.3691395666853505,-0.035532994923857864,-0.0748638789328206,"[[1, 4, 1, 0, 1], [1, 14, 7, 1, 1], [1, 5, 20, 14, 4], [0, 1, 14, 35, 15], [0, 2, 6, 22, 27]]","[[0, 4, 2, 0, 1], [0, 13, 8, 2, 1], [0, 7, 17, 16, 4], [0, 1, 14, 38, 12], [0, 3, 4, 28, 22]]",zero_normalized_baseline
step_10_N,M+MB+MP+MR+MUV,"['M', 'MB', 'MP', 'MR', 'MUV']",MB,5,42,197,0.49238578680203043,0.44400344561817107,0.4517766497461929,0.4025258202877007,-0.04060913705583752,-0.04147762533047039,"[[1, 4, 1, 0, 1], [1, 14, 7, 1, 1], [1, 5, 20, 14, 4], [0, 1, 14, 35, 15], [0, 2, 6, 22, 27]]","[[1, 3, 3, 0, 0], [2, 13, 8, 0, 1], [2, 8, 16, 14, 4], [0, 2, 17, 32, 14], [0, 2, 7, 21, 27]]",zero_normalized_baseline
step_10_N,M+MB+MP+MR+MUV,"['M', 'MB', 'MP', 'MR', 'MUV']",MP,5,42,197,0.49238578680203043,0.44400344561817107,0.4517766497461929,0.40079831608644384,-0.04060913705583752,-0.04320512953172723,"[[1, 4, 1, 0, 1], [1, 14, 7, 1, 1], [1, 5, 20, 14, 4], [0, 1, 14, 35, 15], [0, 2, 6, 22, 27]]","[[1, 4, 2, 0, 0], [2, 16, 4, 1, 1], [0, 12, 15, 16, 1], [0, 4, 14, 38, 9], [0, 4, 5, 29, 19]]",zero_normalized_baseline
step_10_N,M+MB+MP+MR+MUV,"['M', 'MB', 'MP', 'MR', 'MUV']",MR,5,42,197,0.49238578680203043,0.44400344561817107,0.14720812182741116,0.1112340442969246,-0.34517766497461927,-0.33276940132124644,"[[1, 4, 1, 0, 1], [1, 14, 7, 1, 1], [1, 5, 20, 14, 4], [0, 1, 14, 35, 15], [0, 2, 6, 22, 27]]","[[1, 5, 1, 0, 0], [1, 22, 1, 0, 0], [1, 38, 5, 0, 0], [2, 61, 2, 0, 0], [5, 48, 2, 1, 1]]",zero_normalized_baseline
step_10_N,M+MB+MP+MR+MUV,"['M', 'MB', 'MP', 'MR', 'MUV']",MUV,5,42,197,0.49238578680203043,0.44400344561817107,0.4517766497461929,0.3523445645860167,-0.04060913705583752,-0.09165888103215436,"[[1, 4, 1, 0, 1], [1, 14, 7, 1, 1], [1, 5, 20, 14, 4], [0, 1, 14, 35, 15], [0, 2, 6, 22, 27]]","[[0, 1, 6, 0, 0], [0, 7, 12, 2, 3], [0, 3, 19, 19, 3], [0, 0, 17, 41, 7], [0, 1, 5, 29, 22]]",zero_normalized_baseline
step_10_N,M+MB+MP+MR+MUV,"['M', 'MB', 'MP', 'MR', 'MUV']",M,1,3407,202,0.504950495049505,0.4058431532904601,0.5,0.3909967552185894,-0.004950495049504955,-0.014846398071870714,"[[0, 4, 3, 0, 1], [0, 13, 8, 3, 1], [0, 5, 16, 19, 5], [0, 1, 13, 34, 18], [0, 1, 5, 13, 39]]","[[0, 3, 4, 0, 1], [0, 9, 11, 3, 2], [0, 5, 18, 18, 4], [0, 0, 10, 36, 20], [0, 0, 6, 14, 38]]",zero_normalized_baseline
step_10_N,M+MB+MP+MR+MUV,"['M', 'MB', 'MP', 'MR', 'MUV']",MB,1,3407,202,0.504950495049505,0.4058431532904601,0.44554455445544555,0.398990757827632,-0.0594059405940594,-0.00685239546282812,"[[0, 4, 3, 0, 1], [0, 13, 8, 3, 1], [0, 5, 16, 19, 5], [0, 1, 13, 34, 18], [0, 1, 5, 13, 39]]","[[2, 4, 2, 0, 0], [6, 10, 8, 0, 1], [1, 11, 20, 6, 7], [0, 4, 16, 27, 19], [0, 3, 11, 13, 31]]",zero_normalized_baseline
step_10_N,M+MB+MP+MR+MUV,"['M', 'MB', 'MP', 'MR', 'MUV']",MP,1,3407,202,0.504950495049505,0.4058431532904601,0.504950495049505,0.41470154258886655,0.0,0.008858389298406433,"[[0, 4, 3, 0, 1], [0, 13, 8, 3, 1], [0, 5, 16, 19, 5], [0, 1, 13, 34, 18], [0, 1, 5, 13, 39]]","[[0, 5, 2, 1, 0], [1, 13, 8, 3, 0], [1, 4, 23, 13, 4], [0, 2, 13, 37, 14], [0, 0, 7, 22, 29]]",zero_normalized_baseline
step_10_N,M+MB+MP+MR+MUV,"['M', 'MB', 'MP', 'MR', 'MUV']",MR,1,3407,202,0.504950495049505,0.4058431532904601,0.22772277227722773,0.17843543298088754,-0.27722772277227725,-0.22740772030957257,"[[0, 4, 3, 0, 1], [0, 13, 8, 3, 1], [0, 5, 16, 19, 5], [0, 1, 13, 34, 18], [0, 1, 5, 13, 39]]","[[1, 7, 0, 0, 0], [1, 22, 1, 0, 1], [0, 31, 4, 10, 0], [2, 37, 8, 19, 0], [1, 26, 5, 26, 0]]",zero_normalized_baseline
step_10_N,M+MB+MP+MR+MUV,"['M', 'MB', 'MP', 'MR', 'MUV']",MUV,1,3407,202,0.504950495049505,0.4058431532904601,0.48514851485148514,0.3291237993355585,-0.01980198019801982,-0.07671935395490159,"[[0, 4, 3, 0, 1], [0, 13, 8, 3, 1], [0, 5, 16, 19, 5], [0, 1, 13, 34, 18], [0, 1, 5, 13, 39]]","[[0, 0, 6, 2, 0], [0, 1, 15, 8, 1], [0, 1, 22, 20, 2], [0, 0, 11, 42, 13], [0, 0, 5, 20, 33]]",zero_normalized_baseline
step_10_N,M+MB+MP+MR+MUV,"['M', 'MB', 'MP', 'MR', 'MUV']",M,2,3407,200,0.525,0.4318886009950881,0.49,0.4129374153910237,-0.03500000000000003,-0.01895118560406439,"[[0, 4, 1, 2, 0], [2, 17, 4, 1, 1], [0, 6, 20, 12, 7], [0, 5, 11, 39, 10], [0, 0, 5, 24, 29]]","[[1, 2, 0, 4, 0], [0, 12, 2, 10, 1], [0, 4, 6, 27, 8], [0, 0, 1, 55, 9], [0, 1, 0, 33, 24]]",zero_normalized_baseline
step_10_N,M+MB+MP+MR+MUV,"['M', 'MB', 'MP', 'MR', 'MUV']",MB,2,3407,200,0.525,0.4318886009950881,0.435,0.33868840800169164,-0.09000000000000002,-0.09320019299339644,"[[0, 4, 1, 2, 0], [2, 17, 4, 1, 1], [0, 6, 20, 12, 7], [0, 5, 11, 39, 10], [0, 0, 5, 24, 29]]","[[0, 5, 2, 0, 0], [0, 21, 2, 0, 2], [0, 19, 12, 4, 10], [0, 14, 14, 15, 22], [0, 3, 7, 9, 39]]",zero_normalized_baseline
step_10_N,M+MB+MP+MR+MUV,"['M', 'MB', 'MP', 'MR', 'MUV']",MP,2,3407,200,0.525,0.4318886009950881,0.48,0.3792615197539958,-0.04500000000000004,-0.05262708124109228,"[[0, 4, 1, 2, 0], [2, 17, 4, 1, 1], [0, 6, 20, 12, 7], [0, 5, 11, 39, 10], [0, 0, 5, 24, 29]]","[[0, 3, 1, 3, 0], [0, 15, 3, 6, 1], [0, 6, 10, 23, 6], [0, 3, 6, 45, 11], [0, 2, 0, 30, 26]]",zero_normalized_baseline
step_10_N,M+MB+MP+MR+MUV,"['M', 'MB', 'MP', 'MR', 'MUV']",MR,2,3407,200,0.525,0.4318886009950881,0.365,0.27342916804956297,-0.16000000000000003,-0.1584594329455251,"[[0, 4, 1, 2, 0], [2, 17, 4, 1, 1], [0, 6, 20, 12, 7], [0, 5, 11, 39, 10], [0, 0, 5, 24, 29]]","[[0, 3, 3, 1, 0], [0, 15, 7, 3, 0], [0, 9, 26, 10, 0], [0, 6, 29, 30, 0], [0, 6, 21, 29, 2]]",zero_normalized_baseline
step_10_N,M+MB+MP+MR+MUV,"['M', 'MB', 'MP', 'MR', 'MUV']",MUV,2,3407,200,0.525,0.4318886009950881,0.445,0.36198087673888124,-0.08000000000000002,-0.06990772425620684,"[[0, 4, 1, 2, 0], [2, 17, 4, 1, 1], [0, 6, 20, 12, 7], [0, 5, 11, 39, 10], [0, 0, 5, 24, 29]]","[[0, 2, 4, 1, 0], [0, 11, 8, 5, 1], [0, 4, 25, 13, 3], [0, 2, 19, 37, 7], [0, 1, 4, 37, 16]]",zero_normalized_baseline
step_10_N,M+MB+MP+MR+MUV,"['M', 'MB', 'MP', 'MR', 'MUV']",M,3,3407,199,0.4623115577889447,0.369691036512268,0.46733668341708545,0.3927479125621541,0.005025125628140725,0.0230568760498861,"[[0, 5, 1, 0, 1], [0, 10, 10, 2, 3], [0, 6, 21, 11, 7], [1, 1, 16, 27, 20], [0, 0, 9, 14, 34]]","[[1, 3, 2, 0, 1], [0, 6, 10, 2, 7], [1, 3, 18, 8, 15], [0, 1, 9, 25, 30], [0, 0, 4, 10, 43]]",zero_normalized_baseline
step_10_N,M+MB+MP+MR+MUV,"['M', 'MB', 'MP', 'MR', 'MUV']",MB,3,3407,199,0.4623115577889447,0.369691036512268,0.3165829145728643,0.28715390757046,-0.14572864321608042,-0.08253712894180798,"[[0, 5, 1, 0, 1], [0, 10, 10, 2, 3], [0, 6, 21, 11, 7], [1, 1, 16, 27, 20], [0, 0, 9, 14, 34]]","[[1, 5, 0, 0, 1], [1, 17, 2, 2, 3], [1, 18, 11, 2, 13], [1, 14, 15, 10, 25], [0, 10, 11, 12, 24]]",zero_normalized_baseline
step_10_N,M+MB+MP+MR+MUV,"['M', 'MB', 'MP', 'MR', 'MUV']",MP,3,3407,199,0.4623115577889447,0.369691036512268,0.4221105527638191,0.3325417321005254,-0.040201005025125636,-0.03714930441174258,"[[0, 5, 1, 0, 1], [0, 10, 10, 2, 3], [0, 6, 21, 11, 7], [1, 1, 16, 27, 20], [0, 0, 9, 14, 34]]","[[0, 4, 2, 1, 0], [0, 12, 8, 3, 2], [0, 9, 24, 10, 2], [0, 2, 19, 37, 7], [0, 1, 16, 29, 11]]",zero_normalized_baseline
step_10_N,M+MB+MP+MR+MUV,"['M', 'MB', 'MP', 'MR', 'MUV']",MR,3,3407,199,0.4623115577889447,0.369691036512268,0.17587939698492464,0.12190990990990991,-0.2864321608040201,-0.24778112660235807,"[[0, 5, 1, 0, 1], [0, 10, 10, 2, 3], [0, 6, 21, 11, 7], [1, 1, 16, 27, 20], [0, 0, 9, 14, 34]]","[[0, 6, 1, 0, 0], [1, 21, 3, 0, 0], [0, 35, 8, 2, 0], [4, 46, 9, 6, 0], [0, 47, 8, 2, 0]]",zero_normalized_baseline
step_10_N,M+MB+MP+MR+MUV,"['M', 'MB', 'MP', 'MR', 'MUV']",MUV,3,3407,199,0.4623115577889447,0.369691036512268,0.4120603015075377,0.3108091505359143,-0.05025125628140703,-0.05888188597635369,"[[0, 5, 1, 0, 1], [0, 10, 10, 2, 3], [0, 6, 21, 11, 7], [1, 1, 16, 27, 20], [0, 0, 9, 14, 34]]","[[0, 2, 4, 0, 1], [0, 5, 13, 2, 5], [1, 3, 23, 8, 10], [0, 0, 17, 17, 31], [0, 0, 12, 8, 37]]",zero_normalized_baseline
step_10_N,M+MB+MP+MR+MUV,"['M', 'MB', 'MP', 'MR', 'MUV']",M,4,3407,198,0.5050505050505051,0.399436425811609,0.494949494949495,0.3567043781021348,-0.01010101010101011,-0.0427320477094742,"[[0, 5, 1, 0, 1], [3, 10, 7, 3, 1], [2, 9, 18, 14, 2], [0, 0, 15, 34, 16], [0, 0, 3, 16, 38]]","[[0, 3, 1, 1, 2], [1, 5, 11, 4, 3], [2, 6, 12, 24, 1], [0, 0, 7, 40, 18], [0, 0, 2, 14, 41]]",zero_normalized_baseline
step_10_N,M+MB+MP+MR+MUV,"['M', 'MB', 'MP', 'MR', 'MUV']",MB,4,3407,198,0.5050505050505051,0.399436425811609,0.4292929292929293,0.3424409477565623,-0.0757575757575758,-0.05699547805504668,"[[0, 5, 1, 0, 1], [3, 10, 7, 3, 1], [2, 9, 18, 14, 2], [0, 0, 15, 34, 16], [0, 0, 3, 16, 38]]","[[0, 5, 1, 0, 1], [1, 20, 1, 2, 0], [1, 21, 14, 6, 3], [0, 9, 21, 15, 20], [0, 7, 4, 10, 36]]",zero_normalized_baseline
step_10_N,M+MB+MP+MR+MUV,"['M', 'MB', 'MP', 'MR', 'MUV']",MP,4,3407,198,0.5050505050505051,0.399436425811609,0.494949494949495,0.3816877002066358,-0.01010101010101011,-0.017748725604973203,"[[0, 5, 1, 0, 1], [3, 10, 7, 3, 1], [2, 9, 18, 14, 2], [0, 0, 15, 34, 16], [0, 0, 3, 16, 38]]","[[0, 5, 0, 1, 1], [0, 10, 9, 5, 0], [0, 9, 16, 15, 5], [0, 1, 9, 42, 13], [0, 2, 3, 22, 30]]",zero_normalized_baseline
step_10_N,M+MB+MP+MR+MUV,"['M', 'MB', 'MP', 'MR', 'MUV']",MR,4,3407,198,0.5050505050505051,0.399436425811609,0.3434343434343434,0.2580574162679426,-0.16161616161616166,-0.1413790095436664,"[[0, 5, 1, 0, 1], [3, 10, 7, 3, 1], [2, 9, 18, 14, 2], [0, 0, 15, 34, 16], [0, 0, 3, 16, 38]]","[[0, 4, 1, 2, 0], [1, 13, 3, 7, 0], [0, 15, 17, 11, 2], [0, 9, 21, 33, 2], [0, 10, 8, 34, 5]]",zero_normalized_baseline
step_10_N,M+MB+MP+MR+MUV,"['M', 'MB', 'MP', 'MR', 'MUV']",MUV,4,3407,198,0.5050505050505051,0.399436425811609,0.45454545454545453,0.32005049074987724,-0.05050505050505055,-0.07938593506173175,"[[0, 5, 1, 0, 1], [3, 10, 7, 3, 1], [2, 9, 18, 14, 2], [0, 0, 15, 34, 16], [0, 0, 3, 16, 38]]","[[0, 1, 4, 2, 0], [1, 3, 15, 5, 0], [0, 5, 25, 14, 1], [0, 0, 18, 46, 1], [0, 0, 10, 31, 16]]",zero_normalized_baseline
step_10_N,M+MB+MP+MR+MUV,"['M', 'MB', 'MP', 'MR', 'MUV']",M,5,3407,197,0.48223350253807107,0.48247746100838407,0.4263959390862944,0.38355321897744854,-0.05583756345177665,-0.09892424203093553,"[[3, 2, 2, 0, 0], [1, 15, 6, 1, 1], [2, 5, 17, 17, 3], [0, 1, 13, 35, 16], [1, 2, 8, 21, 25]]","[[1, 3, 3, 0, 0], [3, 14, 5, 1, 1], [1, 9, 13, 17, 4], [0, 3, 17, 30, 15], [0, 2, 10, 19, 26]]",zero_normalized_baseline
step_10_N,M+MB+MP+MR+MUV,"['M', 'MB', 'MP', 'MR', 'MUV']",MB,5,3407,197,0.48223350253807107,0.48247746100838407,0.45685279187817257,0.42700712601689556,-0.025380710659898498,-0.05547033499148851,"[[3, 2, 2, 0, 0], [1, 15, 6, 1, 1], [2, 5, 17, 17, 3], [0, 1, 13, 35, 16], [1, 2, 8, 21, 25]]","[[2, 3, 0, 1, 1], [2, 17, 3, 0, 2], [1, 12, 13, 11, 7], [0, 9, 6, 21, 29], [0, 6, 1, 13, 37]]",zero_normalized_baseline
step_10_N,M+MB+MP+MR+MUV,"['M', 'MB', 'MP', 'MR', 'MUV']",MP,5,3407,197,0.48223350253807107,0.48247746100838407,0.4720812182741117,0.4431848606547401,-0.010152284263959366,-0.03929260035364396,"[[3, 2, 2, 0, 0], [1, 15, 6, 1, 1], [2, 5, 17, 17, 3], [0, 1, 13, 35, 16], [1, 2, 8, 21, 25]]","[[2, 5, 0, 0, 0], [2, 19, 3, 0, 0], [1, 12, 12, 16, 3], [0, 5, 17, 32, 11], [0, 7, 7, 15, 28]]",zero_normalized_baseline
step_10_N,M+MB+MP+MR+MUV,"['M', 'MB', 'MP', 'MR', 'MUV']",MR,5,3407,197,0.48223350253807107,0.48247746100838407,0.17766497461928935,0.14187192118226602,-0.30456852791878175,-0.3406055398261181,"[[3, 2, 2, 0, 0], [1, 15, 6, 1, 1], [2, 5, 17, 17, 3], [0, 1, 13, 35, 16], [1, 2, 8, 21, 25]]","[[2, 4, 1, 0, 0], [3, 21, 0, 0, 0], [5, 34, 3, 2, 0], [3, 48, 5, 9, 0], [9, 37, 3, 8, 0]]",zero_normalized_baseline
step_10_N,M+MB+MP+MR+MUV,"['M', 'MB', 'MP', 'MR', 'MUV']",MUV,5,3407,197,0.48223350253807107,0.48247746100838407,0.41624365482233505,0.32952262318184106,-0.06598984771573602,-0.152954837826543,"[[3, 2, 2, 0, 0], [1, 15, 6, 1, 1], [2, 5, 17, 17, 3], [0, 1, 13, 35, 16], [1, 2, 8, 21, 25]]","[[0, 3, 2, 1, 1], [0, 9, 9, 6, 0], [0, 1, 13, 26, 4], [0, 0, 7, 45, 13], [1, 0, 5, 36, 15]]",zero_normalized_baseline
step_10_N,M+MB+MP+MR+MUV,"['M', 'MB', 'MP', 'MR', 'MUV']",M,1,2026,202,0.49504950495049505,0.40189512847343334,0.4207920792079208,0.3225638740344623,-0.07425742574257427,-0.07933125443897104,"[[0, 3, 4, 1, 0], [0, 13, 11, 1, 0], [0, 5, 15, 20, 5], [1, 0, 10, 34, 21], [0, 1, 5, 14, 38]]","[[0, 3, 3, 0, 2], [1, 12, 7, 1, 4], [0, 7, 9, 8, 21], [1, 1, 3, 17, 44], [0, 3, 1, 7, 47]]",zero_normalized_baseline
step_10_N,M+MB+MP+MR+MUV,"['M', 'MB', 'MP', 'MR', 'MUV']",MB,1,2026,202,0.49504950495049505,0.40189512847343334,0.44554455445544555,0.357328601999079,-0.04950495049504949,-0.04456652647435433,"[[0, 3, 4, 1, 0], [0, 13, 11, 1, 0], [0, 5, 15, 20, 5], [1, 0, 10, 34, 21], [0, 1, 5, 14, 38]]","[[0, 7, 0, 1, 0], [1, 17, 4, 1, 2], [1, 11, 11, 17, 5], [0, 4, 11, 31, 20], [0, 4, 5, 18, 31]]",zero_normalized_baseline
step_10_N,M+MB+MP+MR+MUV,"['M', 'MB', 'MP', 'MR', 'MUV']",MP,1,2026,202,0.49504950495049505,0.40189512847343334,0.45544554455445546,0.36161832839915037,-0.039603960396039584,-0.04027680007428297,"[[0, 3, 4, 1, 0], [0, 13, 11, 1, 0], [0, 5, 15, 20, 5], [1, 0, 10, 34, 21], [0, 1, 5, 14, 38]]","[[0, 4, 3, 1, 0], [0, 11, 11, 3, 0], [0, 5, 12, 25, 3], [1, 1, 9, 34, 21], [0, 2, 4, 17, 35]]",zero_normalized_baseline
step_10_N,M+MB+MP+MR+MUV,"['M', 'MB', 'MP', 'MR', 'MUV']",MR,1,2026,202,0.49504950495049505,0.40189512847343334,0.2871287128712871,0.2315052775797725,-0.20792079207920794,-0.17038985089366085,"[[0, 3, 4, 1, 0], [0, 13, 11, 1, 0], [0, 5, 15, 20, 5], [1, 0, 10, 34, 21], [0, 1, 5, 14, 38]]","[[0, 6, 2, 0, 0], [1, 20, 4, 0, 0], [0, 29, 13, 3, 0], [0, 29, 18, 17, 2], [0, 26, 15, 9, 8]]",zero_normalized_baseline
step_10_N,M+MB+MP+MR+MUV,"['M', 'MB', 'MP', 'MR', 'MUV']",MUV,1,2026,202,0.49504950495049505,0.40189512847343334,0.4405940594059406,0.3072950122329492,-0.05445544554455445,-0.09460011624048414,"[[0, 3, 4, 1, 0], [0, 13, 11, 1, 0], [0, 5, 15, 20, 5], [1, 0, 10, 34, 21], [0, 1, 5, 14, 38]]","[[0, 0, 5, 3, 0], [0, 2, 20, 3, 0], [0, 0, 23, 21, 1], [0, 0, 15, 44, 7], [0, 0, 12, 26, 20]]",zero_normalized_baseline
step_10_N,M+MB+MP+MR+MUV,"['M', 'MB', 'MP', 'MR', 'MUV']",M,2,2026,200,0.495,0.39441380087150657,0.475,0.36561695350829704,-0.020000000000000018,-0.028796847363209532,"[[0, 4, 1, 2, 0], [2, 12, 8, 3, 0], [0, 7, 19, 12, 7], [0, 6, 17, 31, 11], [0, 2, 4, 15, 37]]","[[0, 2, 2, 3, 0], [0, 13, 3, 8, 1], [0, 3, 6, 23, 13], [0, 2, 5, 44, 14], [0, 1, 1, 24, 32]]",zero_normalized_baseline
step_10_N,M+MB+MP+MR+MUV,"['M', 'MB', 'MP', 'MR', 'MUV']",MB,2,2026,200,0.495,0.39441380087150657,0.435,0.3547688578517314,-0.06,-0.03964494301977517,"[[0, 4, 1, 2, 0], [2, 12, 8, 3, 0], [0, 7, 19, 12, 7], [0, 6, 17, 31, 11], [0, 2, 4, 15, 37]]","[[0, 4, 2, 0, 1], [1, 21, 2, 1, 0], [0, 18, 20, 4, 3], [0, 18, 22, 16, 9], [0, 5, 12, 11, 30]]",zero_normalized_baseline
step_10_N,M+MB+MP+MR+MUV,"['M', 'MB', 'MP', 'MR', 'MUV']",MP,2,2026,200,0.495,0.39441380087150657,0.465,0.3777680006384954,-0.02999999999999997,-0.016645800233011154,"[[0, 4, 1, 2, 0], [2, 12, 8, 3, 0], [0, 7, 19, 12, 7], [0, 6, 17, 31, 11], [0, 2, 4, 15, 37]]","[[0, 3, 1, 3, 0], [1, 14, 5, 5, 0], [0, 8, 18, 15, 4], [0, 6, 13, 39, 7], [0, 1, 3, 32, 22]]",zero_normalized_baseline
step_10_N,M+MB+MP+MR+MUV,"['M', 'MB', 'MP', 'MR', 'MUV']",MR,2,2026,200,0.495,0.39441380087150657,0.155,0.10086865515436942,-0.33999999999999997,-0.29354514571713713,"[[0, 4, 1, 2, 0], [2, 12, 8, 3, 0], [0, 7, 19, 12, 7], [0, 6, 17, 31, 11], [0, 2, 4, 15, 37]]","[[0, 7, 0, 0, 0], [2, 22, 1, 0, 0], [0, 42, 3, 0, 0], [0, 51, 13, 0, 1], [0, 49, 1, 2, 6]]",zero_normalized_baseline
step_10_N,M+MB+MP+MR+MUV,"['M', 'MB', 'MP', 'MR', 'MUV']",MUV,2,2026,200,0.495,0.39441380087150657,0.495,0.379017640954687,0.0,-0.015396159916819585,"[[0, 4, 1, 2, 0], [2, 12, 8, 3, 0], [0, 7, 19, 12, 7], [0, 6, 17, 31, 11], [0, 2, 4, 15, 37]]","[[0, 1, 4, 1, 1], [1, 6, 12, 5, 1], [0, 2, 20, 15, 8], [0, 1, 17, 35, 12], [1, 0, 0, 19, 38]]",zero_normalized_baseline
step_10_N,M+MB+MP+MR+MUV,"['M', 'MB', 'MP', 'MR', 'MUV']",M,3,2026,199,0.4623115577889447,0.3687469326321656,0.457286432160804,0.39112484154056515,-0.005025125628140725,0.022377908908399524,"[[0, 6, 0, 0, 1], [0, 12, 5, 3, 5], [0, 10, 18, 11, 6], [0, 3, 12, 32, 18], [0, 0, 7, 20, 30]]","[[1, 4, 0, 0, 2], [0, 11, 5, 5, 4], [2, 8, 11, 15, 9], [1, 1, 9, 34, 20], [0, 1, 3, 19, 34]]",zero_normalized_baseline
step_10_N,M+MB+MP+MR+MUV,"['M', 'MB', 'MP', 'MR', 'MUV']",MB,3,2026,199,0.4623115577889447,0.3687469326321656,0.457286432160804,0.3687997027127462,-0.005025125628140725,5.277008058057753e-05,"[[0, 6, 0, 0, 1], [0, 12, 5, 3, 5], [0, 10, 18, 11, 6], [0, 3, 12, 32, 18], [0, 0, 7, 20, 30]]","[[0, 3, 1, 1, 2], [0, 10, 6, 3, 6], [0, 5, 18, 10, 12], [0, 2, 3, 35, 25], [0, 0, 5, 24, 28]]",zero_normalized_baseline
step_10_N,M+MB+MP+MR+MUV,"['M', 'MB', 'MP', 'MR', 'MUV']",MP,3,2026,199,0.4623115577889447,0.3687469326321656,0.4321608040201005,0.352325637021091,-0.03015075376884424,-0.016421295611074638,"[[0, 6, 0, 0, 1], [0, 12, 5, 3, 5], [0, 10, 18, 11, 6], [0, 3, 12, 32, 18], [0, 0, 7, 20, 30]]","[[0, 4, 2, 0, 1], [0, 11, 7, 3, 4], [1, 5, 23, 14, 2], [0, 0, 19, 36, 10], [0, 0, 10, 31, 16]]",zero_normalized_baseline
step_10_N,M+MB+MP+MR+MUV,"['M', 'MB', 'MP', 'MR', 'MUV']",MR,3,2026,199,0.4623115577889447,0.3687469326321656,0.16080402010050251,0.1167953667953668,-0.3015075376884422,-0.25195156583679884,"[[0, 6, 0, 0, 1], [0, 12, 5, 3, 5], [0, 10, 18, 11, 6], [0, 3, 12, 32, 18], [0, 0, 7, 20, 30]]","[[0, 7, 0, 0, 0], [2, 19, 4, 0, 0], [1, 34, 8, 2, 0], [0, 53, 8, 3, 1], [1, 47, 5, 2, 2]]",zero_normalized_baseline
step_10_N,M+MB+MP+MR+MUV,"['M', 'MB', 'MP', 'MR', 'MUV']",MUV,3,2026,199,0.4623115577889447,0.3687469326321656,0.5025125628140703,0.3480933986381477,0.04020100502512558,-0.020653533994017925,"[[0, 6, 0, 0, 1], [0, 12, 5, 3, 5], [0, 10, 18, 11, 6], [0, 3, 12, 32, 18], [0, 0, 7, 20, 30]]","[[0, 2, 2, 1, 2], [0, 2, 13, 7, 3], [0, 1, 22, 16, 6], [0, 0, 13, 45, 7], [0, 0, 3, 23, 31]]",zero_normalized_baseline
step_10_N,M+MB+MP+MR+MUV,"['M', 'MB', 'MP', 'MR', 'MUV']",M,4,2026,198,0.5252525252525253,0.41031335316409273,0.45454545454545453,0.3371042387676667,-0.07070707070707077,-0.07320911439642602,"[[0, 4, 1, 1, 1], [1, 9, 12, 2, 0], [1, 8, 21, 13, 2], [1, 1, 12, 37, 14], [0, 0, 6, 14, 37]]","[[0, 4, 2, 1, 0], [0, 7, 13, 3, 1], [0, 9, 12, 24, 0], [0, 0, 9, 46, 10], [0, 1, 2, 29, 25]]",zero_normalized_baseline
step_10_N,M+MB+MP+MR+MUV,"['M', 'MB', 'MP', 'MR', 'MUV']",MB,4,2026,198,0.5252525252525253,0.41031335316409273,0.45454545454545453,0.37393360238276807,-0.07070707070707077,-0.03637975078132466,"[[0, 4, 1, 1, 1], [1, 9, 12, 2, 0], [1, 8, 21, 13, 2], [1, 1, 12, 37, 14], [0, 0, 6, 14, 37]]","[[0, 3, 2, 1, 1], [1, 12, 6, 4, 1], [1, 9, 22, 10, 3], [0, 1, 23, 27, 14], [0, 2, 9, 17, 29]]",zero_normalized_baseline
step_10_N,M+MB+MP+MR+MUV,"['M', 'MB', 'MP', 'MR', 'MUV']",MP,4,2026,198,0.5252525252525253,0.41031335316409273,0.47474747474747475,0.3731349206349206,-0.05050505050505055,-0.037178432529172134,"[[0, 4, 1, 1, 1], [1, 9, 12, 2, 0], [1, 8, 21, 13, 2], [1, 1, 12, 37, 14], [0, 0, 6, 14, 37]]","[[0, 3, 1, 1, 2], [1, 8, 11, 4, 0], [1, 7, 21, 13, 3], [0, 0, 13, 37, 15], [0, 0, 5, 24, 28]]",zero_normalized_baseline
step_10_N,M+MB+MP+MR+MUV,"['M', 'MB', 'MP', 'MR', 'MUV']",MR,4,2026,198,0.5252525252525253,0.41031335316409273,0.1919191919191919,0.1389860305299087,-0.33333333333333337,-0.271327322634184,"[[0, 4, 1, 1, 1], [1, 9, 12, 2, 0], [1, 8, 21, 13, 2], [1, 1, 12, 37, 14], [0, 0, 6, 14, 37]]","[[0, 6, 1, 0, 0], [0, 20, 4, 0, 0], [0, 35, 9, 0, 1], [1, 41, 15, 7, 1], [0, 29, 21, 5, 2]]",zero_normalized_baseline
step_10_N,M+MB+MP+MR+MUV,"['M', 'MB', 'MP', 'MR', 'MUV']",MUV,4,2026,198,0.5252525252525253,0.41031335316409273,0.4444444444444444,0.30859482882306005,-0.08080808080808088,-0.10171852434103268,"[[0, 4, 1, 1, 1], [1, 9, 12, 2, 0], [1, 8, 21, 13, 2], [1, 1, 12, 37, 14], [0, 0, 6, 14, 37]]","[[0, 0, 5, 2, 0], [0, 2, 20, 2, 0], [0, 0, 32, 11, 2], [0, 1, 23, 38, 3], [0, 0, 14, 27, 16]]",zero_normalized_baseline
step_10_N,M+MB+MP+MR+MUV,"['M', 'MB', 'MP', 'MR', 'MUV']",M,5,2026,197,0.4619289340101523,0.3889998235130978,0.3756345177664975,0.33280928126768533,-0.0862944162436548,-0.05619054224541248,"[[0, 5, 2, 0, 0], [1, 15, 7, 0, 1], [0, 6, 24, 8, 6], [0, 1, 24, 24, 16], [0, 1, 12, 16, 28]]","[[1, 3, 2, 1, 0], [2, 15, 3, 1, 3], [0, 11, 9, 6, 18], [0, 4, 14, 12, 35], [0, 5, 4, 11, 37]]",zero_normalized_baseline
step_10_N,M+MB+MP+MR+MUV,"['M', 'MB', 'MP', 'MR', 'MUV']",MB,5,2026,197,0.4619289340101523,0.3889998235130978,0.41116751269035534,0.3768828233327635,-0.05076142131979694,-0.012117000180334292,"[[0, 5, 2, 0, 0], [1, 15, 7, 0, 1], [0, 6, 24, 8, 6], [0, 1, 24, 24, 16], [0, 1, 12, 16, 28]]","[[1, 4, 2, 0, 0], [2, 15, 6, 0, 1], [0, 10, 16, 12, 6], [0, 5, 18, 23, 19], [0, 5, 6, 20, 26]]",zero_normalized_baseline
step_10_N,M+MB+MP+MR+MUV,"['M', 'MB', 'MP', 'MR', 'MUV']",MP,5,2026,197,0.4619289340101523,0.3889998235130978,0.41624365482233505,0.34575876310494547,-0.04568527918781723,-0.04324106040815234,"[[0, 5, 2, 0, 0], [1, 15, 7, 0, 1], [0, 6, 24, 8, 6], [0, 1, 24, 24, 16], [0, 1, 12, 16, 28]]","[[0, 4, 3, 0, 0], [0, 20, 3, 0, 1], [0, 10, 15, 13, 6], [0, 7, 20, 27, 11], [0, 6, 10, 21, 20]]",zero_normalized_baseline
step_10_N,M+MB+MP+MR+MUV,"['M', 'MB', 'MP', 'MR', 'MUV']",MR,5,2026,197,0.4619289340101523,0.3889998235130978,0.19289340101522842,0.1518902524552242,-0.2690355329949239,-0.2371095710578736,"[[0, 5, 2, 0, 0], [1, 15, 7, 0, 1], [0, 6, 24, 8, 6], [0, 1, 24, 24, 16], [0, 1, 12, 16, 28]]","[[0, 6, 1, 0, 0], [1, 21, 2, 0, 0], [1, 33, 8, 2, 0], [0, 57, 3, 4, 1], [0, 41, 1, 10, 5]]",zero_normalized_baseline
step_10_N,M+MB+MP+MR+MUV,"['M', 'MB', 'MP', 'MR', 'MUV']",MUV,5,2026,197,0.4619289340101523,0.3889998235130978,0.4365482233502538,0.3612257419013819,-0.025380710659898498,-0.027774081611715906,"[[0, 5, 2, 0, 0], [1, 15, 7, 0, 1], [0, 6, 24, 8, 6], [0, 1, 24, 24, 16], [0, 1, 12, 16, 28]]","[[0, 2, 5, 0, 0], [0, 11, 10, 0, 3], [0, 3, 17, 12, 12], [0, 1, 14, 22, 28], [0, 0, 6, 15, 36]]",zero_normalized_baseline
