step,source_step,combination,modalities,fold,training_seed,evaluation_count,checkpoint,parameter_count,baseline_accuracy,baseline_macro_f1,baseline_confusion_matrix,deeplift
step_10_N,step_09_N,M+MR,"['M', 'MR']",1,42,202,fold_01/M_MR/seed_42/checkpoints/last.pth,23527685,0.5099009900990099,0.4453848089171576,"[[1, 4, 2, 1, 0], [1, 14, 8, 2, 0], [0, 5, 17, 18, 5], [1, 2, 12, 31, 20], [0, 3, 5, 10, 40]]","{'M': {'mean_abs_attribution': 0.00011526299756879591, 'std_abs_attribution': 3.691167546329229e-05, 'mean_attribution_fraction': 0.453411005953751}, 'MR': {'mean_abs_attribution': 0.00014025928533438934, 'std_abs_attribution': 5.0746536937415406e-05, 'mean_attribution_fraction': 0.5465889962592928}}"
step_10_N,step_09_N,M+MR,"['M', 'MR']",2,42,200,fold_02/M_MR/seed_42/checkpoints/last.pth,23527685,0.495,0.4519118731531604,"[[1, 3, 1, 2, 0], [1, 17, 4, 2, 1], [0, 7, 19, 14, 5], [0, 5, 15, 35, 10], [0, 1, 5, 25, 27]]","{'M': {'mean_abs_attribution': 0.00012291378077861737, 'std_abs_attribution': 4.111558872785886e-05, 'mean_attribution_fraction': 0.45500395730137827}, 'MR': {'mean_abs_attribution': 0.0001483874260884477, 'std_abs_attribution': 5.411949124968076e-05, 'mean_attribution_fraction': 0.5449960391223431}}"
step_10_N,step_09_N,M+MR,"['M', 'MR']",3,42,199,fold_03/M_MR/seed_42/checkpoints/last.pth,23527685,0.4723618090452261,0.39135842212459393,"[[0, 3, 2, 0, 2], [0, 13, 5, 2, 5], [0, 4, 19, 13, 9], [0, 1, 13, 30, 21], [0, 0, 12, 13, 32]]","{'M': {'mean_abs_attribution': 0.00011137599204772212, 'std_abs_attribution': 3.0660094000107104e-05, 'mean_attribution_fraction': 0.4591831656257112}, 'MR': {'mean_abs_attribution': 0.00013198262465481257, 'std_abs_attribution': 3.968801109561948e-05, 'mean_attribution_fraction': 0.5408168370699763}}"
step_10_N,step_09_N,M+MR,"['M', 'MR']",4,42,198,fold_04/M_MR/seed_42/checkpoints/last.pth,23527685,0.5151515151515151,0.4574827467218771,"[[1, 2, 3, 1, 0], [0, 12, 9, 3, 0], [1, 8, 19, 14, 3], [0, 0, 12, 39, 14], [0, 0, 8, 18, 31]]","{'M': {'mean_abs_attribution': 0.00011633704722191047, 'std_abs_attribution': 4.0113878574327324e-05, 'mean_attribution_fraction': 0.4604211184713576}, 'MR': {'mean_abs_attribution': 0.00013571251794487716, 'std_abs_attribution': 4.456825883539558e-05, 'mean_attribution_fraction': 0.5395788798729578}}"
step_10_N,step_09_N,M+MR,"['M', 'MR']",5,42,197,fold_05/M_MR/seed_42/checkpoints/last.pth,23527685,0.4873096446700508,0.4514551083591331,"[[1, 3, 3, 0, 0], [1, 16, 6, 1, 0], [0, 6, 22, 13, 3], [0, 1, 16, 35, 13], [0, 1, 8, 26, 22]]","{'M': {'mean_abs_attribution': 0.0001372536890687974, 'std_abs_attribution': 4.161484243567906e-05, 'mean_attribution_fraction': 0.4468180699094298}, 'MR': {'mean_abs_attribution': 0.00017202494702618664, 'std_abs_attribution': 6.118669317584286e-05, 'mean_attribution_fraction': 0.5531819325110634}}"
step_10_N,step_09_N,M+MR,"['M', 'MR']",1,3407,202,fold_01/M_MR/seed_3407/checkpoints/last.pth,23527685,0.48514851485148514,0.3743764387949298,"[[0, 4, 3, 1, 0], [1, 9, 10, 5, 0], [0, 6, 16, 17, 6], [0, 2, 10, 30, 24], [0, 0, 7, 8, 43]]","{'M': {'mean_abs_attribution': 0.00015504726216382587, 'std_abs_attribution': 4.2901343340898255e-05, 'mean_attribution_fraction': 0.4502446092296355}, 'MR': {'mean_abs_attribution': 0.0001900798972813634, 'std_abs_attribution': 5.511818888015675e-05, 'mean_attribution_fraction': 0.549755387524567}}"
step_10_N,step_09_N,M+MR,"['M', 'MR']",2,3407,200,fold_02/M_MR/seed_3407/checkpoints/last.pth,23527685,0.51,0.4167483828063599,"[[0, 5, 0, 1, 1], [2, 13, 8, 2, 0], [0, 4, 27, 11, 3], [0, 4, 17, 36, 8], [0, 0, 8, 24, 26]]","{'M': {'mean_abs_attribution': 0.00014580308390577557, 'std_abs_attribution': 3.9924973393562076e-05, 'mean_attribution_fraction': 0.4486052948236465}, 'MR': {'mean_abs_attribution': 0.00018152566120988923, 'std_abs_attribution': 5.7597352162677455e-05, 'mean_attribution_fraction': 0.5513947051763535}}"
step_10_N,step_09_N,M+MR,"['M', 'MR']",3,3407,199,fold_03/M_MR/seed_3407/checkpoints/last.pth,23527685,0.5025125628140703,0.3981847427300755,"[[0, 5, 1, 0, 1], [1, 12, 6, 2, 4], [0, 7, 19, 11, 8], [0, 2, 10, 37, 16], [0, 2, 11, 12, 32]]","{'M': {'mean_abs_attribution': 0.0001284853771273936, 'std_abs_attribution': 3.659746236002079e-05, 'mean_attribution_fraction': 0.4526583982172923}, 'MR': {'mean_abs_attribution': 0.0001567912497294449, 'std_abs_attribution': 4.94484675987219e-05, 'mean_attribution_fraction': 0.5473416025315098}}"
step_10_N,step_09_N,M+MR,"['M', 'MR']",4,3407,198,fold_04/M_MR/seed_3407/checkpoints/last.pth,23527685,0.4595959595959596,0.3782417582417582,"[[0, 4, 2, 1, 0], [0, 13, 9, 1, 1], [2, 8, 20, 13, 2], [0, 2, 14, 31, 18], [0, 1, 10, 19, 27]]","{'M': {'mean_abs_attribution': 0.00016698203409870268, 'std_abs_attribution': 5.193430140597357e-05, 'mean_attribution_fraction': 0.4526105357540978}, 'MR': {'mean_abs_attribution': 0.00020290236393015625, 'std_abs_attribution': 6.579785742686025e-05, 'mean_attribution_fraction': 0.5473894624397008}}"
step_10_N,step_09_N,M+MR,"['M', 'MR']",5,3407,197,fold_05/M_MR/seed_3407/checkpoints/last.pth,23527685,0.45685279187817257,0.38128083157152926,"[[0, 4, 3, 0, 0], [4, 13, 7, 0, 0], [0, 3, 17, 17, 7], [0, 2, 17, 30, 16], [0, 2, 8, 17, 30]]","{'M': {'mean_abs_attribution': 0.0001489249157271972, 'std_abs_attribution': 4.5976550003818424e-05, 'mean_attribution_fraction': 0.4486698627774485}, 'MR': {'mean_abs_attribution': 0.00018613516158208032, 'std_abs_attribution': 6.957678101733576e-05, 'mean_attribution_fraction': 0.5513301369199898}}"
step_10_N,step_09_N,M+MR,"['M', 'MR']",1,2026,202,fold_01/M_MR/seed_2026/checkpoints/last.pth,23527685,0.4752475247524752,0.36457161531053156,"[[0, 6, 1, 1, 0], [2, 10, 7, 6, 0], [0, 6, 10, 27, 2], [1, 0, 7, 39, 19], [0, 2, 4, 15, 37]]","{'M': {'mean_abs_attribution': 0.00014805120040949592, 'std_abs_attribution': 4.0653530782771067e-05, 'mean_attribution_fraction': 0.4508009769833914}, 'MR': {'mean_abs_attribution': 0.00018122475098652564, 'std_abs_attribution': 5.2882721614147607e-05, 'mean_attribution_fraction': 0.5491990240493624}}"
step_10_N,step_09_N,M+MR,"['M', 'MR']",2,2026,200,fold_02/M_MR/seed_2026/checkpoints/last.pth,23527685,0.475,0.3974786685372783,"[[0, 5, 0, 2, 0], [0, 18, 3, 4, 0], [0, 9, 21, 14, 1], [0, 5, 20, 32, 8], [0, 0, 9, 25, 24]]","{'M': {'mean_abs_attribution': 0.00016521933537660515, 'std_abs_attribution': 5.352936143419958e-05, 'mean_attribution_fraction': 0.46617665126919744}, 'MR': {'mean_abs_attribution': 0.00019134212929202476, 'std_abs_attribution': 7.172453047273358e-05, 'mean_attribution_fraction': 0.5338233470916748}}"
step_10_N,step_09_N,M+MR,"['M', 'MR']",3,2026,199,fold_03/M_MR/seed_2026/checkpoints/last.pth,23527685,0.45226130653266333,0.3679019489652401,"[[0, 4, 1, 0, 2], [0, 13, 4, 1, 7], [1, 4, 14, 14, 12], [0, 4, 7, 30, 24], [0, 0, 8, 16, 33]]","{'M': {'mean_abs_attribution': 0.00013901084380975488, 'std_abs_attribution': 3.8072542104136555e-05, 'mean_attribution_fraction': 0.4616239949985964}, 'MR': {'mean_abs_attribution': 0.00016234752953306412, 'std_abs_attribution': 4.323113956485771e-05, 'mean_attribution_fraction': 0.5383760044023619}}"
step_10_N,step_09_N,M+MR,"['M', 'MR']",4,2026,198,fold_04/M_MR/seed_2026/checkpoints/last.pth,23527685,0.4090909090909091,0.32832730953755784,"[[0, 4, 1, 2, 0], [1, 8, 14, 1, 0], [1, 8, 21, 13, 2], [0, 0, 23, 23, 19], [0, 2, 10, 16, 29]]","{'M': {'mean_abs_attribution': 0.0001619322551179188, 'std_abs_attribution': 4.17029156538104e-05, 'mean_attribution_fraction': 0.4513120810792904}, 'MR': {'mean_abs_attribution': 0.00019822212492028778, 'std_abs_attribution': 5.6568411533293484e-05, 'mean_attribution_fraction': 0.5486879112443539}}"
step_10_N,step_09_N,M+MR,"['M', 'MR']",5,2026,197,fold_05/M_MR/seed_2026/checkpoints/last.pth,23527685,0.47715736040609136,0.4533829443112114,"[[2, 3, 2, 0, 0], [2, 13, 9, 0, 0], [1, 4, 19, 12, 8], [0, 3, 17, 24, 21], [0, 2, 6, 13, 36]]","{'M': {'mean_abs_attribution': 0.00013889059371806605, 'std_abs_attribution': 4.281944518295313e-05, 'mean_attribution_fraction': 0.44582692439180943}, 'MR': {'mean_abs_attribution': 0.0001743112216960062, 'std_abs_attribution': 5.996788785909312e-05, 'mean_attribution_fraction': 0.5541730759107522}}"
step_10_N,step_09_N,M+MB+MR,"['M', 'MB', 'MR']",1,42,202,fold_01/M_MB_MR/seed_42/checkpoints/last.pth,23537093,0.49504950495049505,0.45693114531099965,"[[2, 4, 1, 1, 0], [1, 12, 9, 2, 1], [2, 4, 21, 14, 4], [0, 2, 16, 24, 24], [0, 1, 11, 5, 41]]","{'M': {'mean_abs_attribution': 9.390174280197964e-05, 'std_abs_attribution': 2.791843136078248e-05, 'mean_attribution_fraction': 0.3198878024474229}, 'MB': {'mean_abs_attribution': 8.568272335984454e-05, 'std_abs_attribution': 2.6501912372588327e-05, 'mean_attribution_fraction': 0.29186809933421637}, 'MR': {'mean_abs_attribution': 0.00011364070013598286, 'std_abs_attribution': 3.3624808186511104e-05, 'mean_attribution_fraction': 0.3882441004314045}}"
step_10_N,step_09_N,M+MB+MR,"['M', 'MB', 'MR']",2,42,200,fold_02/M_MB_MR/seed_42/checkpoints/last.pth,23537093,0.545,0.4435570424891268,"[[0, 4, 1, 2, 0], [1, 17, 4, 3, 0], [0, 7, 20, 15, 3], [0, 7, 11, 40, 7], [0, 1, 3, 22, 32]]","{'M': {'mean_abs_attribution': 8.929755444114562e-05, 'std_abs_attribution': 2.7748208208738373e-05, 'mean_attribution_fraction': 0.3169444179534912}, 'MB': {'mean_abs_attribution': 8.22676790812693e-05, 'std_abs_attribution': 2.531367653045328e-05, 'mean_attribution_fraction': 0.2923518866300583}, 'MR': {'mean_abs_attribution': 0.0001102113210617972, 'std_abs_attribution': 3.547499908893838e-05, 'mean_attribution_fraction': 0.39070369467139243}}"
step_10_N,step_09_N,M+MB+MR,"['M', 'MB', 'MR']",3,42,199,fold_03/M_MB_MR/seed_42/checkpoints/last.pth,23537093,0.45226130653266333,0.354240981854421,"[[0, 4, 2, 0, 1], [1, 8, 10, 2, 4], [0, 5, 18, 16, 6], [1, 1, 13, 36, 14], [0, 0, 6, 23, 28]]","{'M': {'mean_abs_attribution': 9.816884372028553e-05, 'std_abs_attribution': 2.2914417881371895e-05, 'mean_attribution_fraction': 0.320050227881676}, 'MB': {'mean_abs_attribution': 8.811531468875467e-05, 'std_abs_attribution': 2.092071920201047e-05, 'mean_attribution_fraction': 0.28762531849607154}, 'MR': {'mean_abs_attribution': 0.0001207850350990737, 'std_abs_attribution': 2.9979730258410364e-05, 'mean_attribution_fraction': 0.39232445017776296}}"
step_10_N,step_09_N,M+MB+MR,"['M', 'MB', 'MR']",4,42,198,fold_04/M_MB_MR/seed_42/checkpoints/last.pth,23537093,0.4393939393939394,0.34737288676236044,"[[0, 3, 1, 0, 3], [3, 8, 11, 2, 0], [1, 7, 17, 15, 5], [1, 2, 15, 27, 20], [0, 0, 6, 16, 35]]","{'M': {'mean_abs_attribution': 9.579397232705055e-05, 'std_abs_attribution': 2.8137777464132134e-05, 'mean_attribution_fraction': 0.3186839660911849}, 'MB': {'mean_abs_attribution': 8.638851659729927e-05, 'std_abs_attribution': 2.450853169709938e-05, 'mean_attribution_fraction': 0.28833216579273496}, 'MR': {'mean_abs_attribution': 0.00011814090081462942, 'std_abs_attribution': 3.5774579777526505e-05, 'mean_attribution_fraction': 0.3929838693202144}}"
step_10_N,step_09_N,M+MB+MR,"['M', 'MB', 'MR']",5,42,197,fold_05/M_MB_MR/seed_42/checkpoints/last.pth,23537093,0.49238578680203043,0.43683899485426203,"[[1, 2, 4, 0, 0], [2, 14, 6, 1, 1], [2, 6, 15, 17, 4], [0, 1, 16, 33, 15], [0, 2, 6, 15, 34]]","{'M': {'mean_abs_attribution': 0.00013180987484771452, 'std_abs_attribution': 3.893648275360462e-05, 'mean_attribution_fraction': 0.31093782852143803}, 'MB': {'mean_abs_attribution': 0.00012138524633592353, 'std_abs_attribution': 3.3537832281876366e-05, 'mean_attribution_fraction': 0.28791390707347597}, 'MR': {'mean_abs_attribution': 0.00017130125139965227, 'std_abs_attribution': 5.598677746186357e-05, 'mean_attribution_fraction': 0.40114826432944556}}"
step_10_N,step_09_N,M+MB+MR,"['M', 'MB', 'MR']",1,3407,202,fold_01/M_MB_MR/seed_3407/checkpoints/last.pth,23537093,0.48514851485148514,0.422577943756012,"[[1, 3, 3, 1, 0], [1, 12, 9, 3, 0], [0, 6, 12, 24, 3], [0, 2, 11, 32, 21], [0, 0, 6, 11, 41]]","{'M': {'mean_abs_attribution': 7.897896495417779e-05, 'std_abs_attribution': 2.6955856939242987e-05, 'mean_attribution_fraction': 0.32164744870497447}, 'MB': {'mean_abs_attribution': 7.001226681090389e-05, 'std_abs_attribution': 2.262167100102482e-05, 'mean_attribution_fraction': 0.28717815809615765}, 'MR': {'mean_abs_attribution': 9.614455416115084e-05, 'std_abs_attribution': 3.433300747394871e-05, 'mean_attribution_fraction': 0.3911743954856797}}"
step_10_N,step_09_N,M+MB+MR,"['M', 'MB', 'MR']",2,3407,200,fold_02/M_MB_MR/seed_3407/checkpoints/last.pth,23537093,0.53,0.48073032234787216,"[[1, 1, 3, 2, 0], [1, 14, 8, 2, 0], [0, 4, 28, 10, 3], [0, 3, 16, 39, 7], [0, 0, 5, 29, 24]]","{'M': {'mean_abs_attribution': 9.551109511448885e-05, 'std_abs_attribution': 2.853418784240307e-05, 'mean_attribution_fraction': 0.31589688315987585}, 'MB': {'mean_abs_attribution': 8.763969259234728e-05, 'std_abs_attribution': 2.480957125159377e-05, 'mean_attribution_fraction': 0.2911786525696516}, 'MR': {'mean_abs_attribution': 0.00011916535506315995, 'std_abs_attribution': 3.766719365390164e-05, 'mean_attribution_fraction': 0.39292446836829187}}"
step_10_N,step_09_N,M+MB+MR,"['M', 'MB', 'MR']",3,3407,199,fold_03/M_MB_MR/seed_3407/checkpoints/last.pth,23537093,0.46733668341708545,0.37735617414698297,"[[0, 4, 2, 0, 1], [0, 11, 8, 2, 4], [1, 5, 23, 7, 9], [0, 2, 17, 28, 18], [0, 2, 12, 12, 31]]","{'M': {'mean_abs_attribution': 0.0001027337672880935, 'std_abs_attribution': 2.6463233776645354e-05, 'mean_attribution_fraction': 0.3288252226371861}, 'MB': {'mean_abs_attribution': 9.068763729236932e-05, 'std_abs_attribution': 2.2381402172611123e-05, 'mean_attribution_fraction': 0.2911771213888523}, 'MR': {'mean_abs_attribution': 0.0001195962172071508, 'std_abs_attribution': 3.5001208468641925e-05, 'mean_attribution_fraction': 0.3799976538773158}}"
step_10_N,step_09_N,M+MB+MR,"['M', 'MB', 'MR']",4,3407,198,fold_04/M_MB_MR/seed_3407/checkpoints/last.pth,23537093,0.4494949494949495,0.3500429648323443,"[[0, 4, 2, 0, 1], [2, 8, 12, 1, 1], [2, 8, 17, 15, 3], [0, 2, 17, 24, 22], [0, 0, 6, 11, 40]]","{'M': {'mean_abs_attribution': 9.230457245127646e-05, 'std_abs_attribution': 3.02843043765306e-05, 'mean_attribution_fraction': 0.3200083454751005}, 'MB': {'mean_abs_attribution': 8.214299198542252e-05, 'std_abs_attribution': 2.634924191985332e-05, 'mean_attribution_fraction': 0.2854446962174743}, 'MR': {'mean_abs_attribution': 0.00011363425512925717, 'std_abs_attribution': 3.7049841902691446e-05, 'mean_attribution_fraction': 0.3945469625971534}}"
step_10_N,step_09_N,M+MB+MR,"['M', 'MB', 'MR']",5,3407,197,fold_05/M_MB_MR/seed_3407/checkpoints/last.pth,23537093,0.5076142131979695,0.43809230890558143,"[[1, 3, 3, 0, 0], [2, 13, 7, 1, 1], [2, 7, 17, 14, 4], [0, 3, 9, 37, 16], [0, 3, 7, 15, 32]]","{'M': {'mean_abs_attribution': 9.225496127291436e-05, 'std_abs_attribution': 3.094264160082595e-05, 'mean_attribution_fraction': 0.32354292591211153}, 'MB': {'mean_abs_attribution': 8.134997871156006e-05, 'std_abs_attribution': 2.599275473471982e-05, 'mean_attribution_fraction': 0.28668143944389324}, 'MR': {'mean_abs_attribution': 0.00011229941245510602, 'std_abs_attribution': 4.3019406857982176e-05, 'mean_attribution_fraction': 0.38977563502219725}}"
step_10_N,step_09_N,M+MB+MR,"['M', 'MB', 'MR']",1,2026,202,fold_01/M_MB_MR/seed_2026/checkpoints/last.pth,23537093,0.49504950495049505,0.3925600325600326,"[[0, 6, 2, 0, 0], [0, 14, 6, 3, 2], [1, 5, 12, 21, 6], [1, 1, 9, 30, 25], [0, 1, 7, 6, 44]]","{'M': {'mean_abs_attribution': 6.740126950221971e-05, 'std_abs_attribution': 2.371254887613437e-05, 'mean_attribution_fraction': 0.31701553952280837}, 'MB': {'mean_abs_attribution': 6.172982893355703e-05, 'std_abs_attribution': 2.135461439655523e-05, 'mean_attribution_fraction': 0.29117949557776496}, 'MR': {'mean_abs_attribution': 8.325199503293099e-05, 'std_abs_attribution': 3.0364378547064096e-05, 'mean_attribution_fraction': 0.39180496467812226}}"
step_10_N,step_09_N,M+MB+MR,"['M', 'MB', 'MR']",2,2026,200,fold_02/M_MB_MR/seed_2026/checkpoints/last.pth,23537093,0.505,0.4235677108766337,"[[0, 4, 1, 2, 0], [0, 18, 4, 3, 0], [0, 4, 23, 13, 5], [0, 6, 15, 35, 9], [0, 1, 3, 29, 25]]","{'M': {'mean_abs_attribution': 6.910462077030388e-05, 'std_abs_attribution': 1.8182071884233835e-05, 'mean_attribution_fraction': 0.32110241502523423}, 'MB': {'mean_abs_attribution': 6.2360265510506e-05, 'std_abs_attribution': 1.5741799639937433e-05, 'mean_attribution_fraction': 0.2905624942481518}, 'MR': {'mean_abs_attribution': 8.38553654284624e-05, 'std_abs_attribution': 2.3829089374304305e-05, 'mean_attribution_fraction': 0.3883350917696953}}"
step_10_N,step_09_N,M+MB+MR,"['M', 'MB', 'MR']",3,2026,199,fold_03/M_MB_MR/seed_2026/checkpoints/last.pth,23537093,0.4623115577889447,0.3685473552108297,"[[0, 5, 1, 0, 1], [0, 11, 6, 2, 6], [0, 4, 15, 14, 12], [0, 0, 10, 26, 29], [0, 0, 6, 11, 40]]","{'M': {'mean_abs_attribution': 7.500204457810743e-05, 'std_abs_attribution': 2.1138593309939986e-05, 'mean_attribution_fraction': 0.32711434229534475}, 'MB': {'mean_abs_attribution': 6.530494588949653e-05, 'std_abs_attribution': 1.73726259635665e-05, 'mean_attribution_fraction': 0.28616840905280566}, 'MR': {'mean_abs_attribution': 8.83728709924807e-05, 'std_abs_attribution': 2.3552953853577433e-05, 'mean_attribution_fraction': 0.38671724760352666}}"
step_10_N,step_09_N,M+MB+MR,"['M', 'MB', 'MR']",4,2026,198,fold_04/M_MB_MR/seed_2026/checkpoints/last.pth,23537093,0.45454545454545453,0.3559671907040328,"[[0, 3, 2, 0, 2], [0, 8, 13, 3, 0], [1, 7, 15, 17, 5], [0, 0, 18, 32, 15], [0, 0, 7, 15, 35]]","{'M': {'mean_abs_attribution': 0.000114043997099442, 'std_abs_attribution': 3.143709622513367e-05, 'mean_attribution_fraction': 0.3208172098554746}, 'MB': {'mean_abs_attribution': 0.00010259406235950383, 'std_abs_attribution': 2.7519298907628963e-05, 'mean_attribution_fraction': 0.28933899014285114}, 'MR': {'mean_abs_attribution': 0.0001391213635441899, 'std_abs_attribution': 4.087807015386135e-05, 'mean_attribution_fraction': 0.3898438010552917}}"
step_10_N,step_09_N,M+MB+MR,"['M', 'MB', 'MR']",5,2026,197,fold_05/M_MB_MR/seed_2026/checkpoints/last.pth,23537093,0.45685279187817257,0.4549556206357052,"[[3, 2, 2, 0, 0], [2, 12, 8, 1, 1], [0, 7, 20, 8, 9], [0, 2, 22, 21, 20], [2, 0, 10, 11, 34]]","{'M': {'mean_abs_attribution': 9.615241788427563e-05, 'std_abs_attribution': 2.9162299013270446e-05, 'mean_attribution_fraction': 0.3165182008356007}, 'MB': {'mean_abs_attribution': 8.726593558389935e-05, 'std_abs_attribution': 2.544356860460039e-05, 'mean_attribution_fraction': 0.28847162932308795}, 'MR': {'mean_abs_attribution': 0.00012084929139423067, 'std_abs_attribution': 4.0316356703319224e-05, 'mean_attribution_fraction': 0.39501017407717437}}"
step_10_N,step_09_N,M+MB+MP+MR+MUV,"['M', 'MB', 'MP', 'MR', 'MUV']",1,42,202,fold_01/M_MB_MP_MR_MUV/seed_42/checkpoints/last.pth,23555909,0.5099009900990099,0.42076609139350607,"[[0, 4, 3, 1, 0], [0, 14, 9, 1, 1], [1, 4, 21, 13, 6], [1, 0, 18, 25, 22], [0, 0, 6, 9, 43]]","{'M': {'mean_abs_attribution': 3.864787058683751e-05, 'std_abs_attribution': 1.1690663617007623e-05, 'mean_attribution_fraction': 0.19761608695924873}, 'MB': {'mean_abs_attribution': 3.43866896526937e-05, 'std_abs_attribution': 1.0969625805434633e-05, 'mean_attribution_fraction': 0.1751829435919771}, 'MP': {'mean_abs_attribution': 4.399611449152511e-05, 'std_abs_attribution': 1.6056574818080992e-05, 'mean_attribution_fraction': 0.22216877215864636}, 'MR': {'mean_abs_attribution': 4.563014817454087e-05, 'std_abs_attribution': 1.3823643736742548e-05, 'mean_attribution_fraction': 0.23421311614537002}, 'MUV': {'mean_abs_attribution': 3.364261390130862e-05, 'std_abs_attribution': 1.1423997407348818e-05, 'mean_attribution_fraction': 0.17081908084968528}}"
step_10_N,step_09_N,M+MB+MP+MR+MUV,"['M', 'MB', 'MP', 'MR', 'MUV']",2,42,200,fold_02/M_MB_MP_MR_MUV/seed_42/checkpoints/last.pth,23555909,0.44,0.36626360633442234,"[[0, 4, 1, 2, 0], [2, 16, 5, 1, 1], [0, 10, 18, 11, 6], [0, 4, 21, 30, 10], [0, 2, 3, 29, 24]]","{'M': {'mean_abs_attribution': 4.1815092749857286e-05, 'std_abs_attribution': 1.3304416581117018e-05, 'mean_attribution_fraction': 0.1969698855280876}, 'MB': {'mean_abs_attribution': 3.752811505364661e-05, 'std_abs_attribution': 1.1967004037812318e-05, 'mean_attribution_fraction': 0.17669478125870228}, 'MP': {'mean_abs_attribution': 4.75896454145186e-05, 'std_abs_attribution': 1.8719338182287463e-05, 'mean_attribution_fraction': 0.22057719357311725}, 'MR': {'mean_abs_attribution': 5.04033291417727e-05, 'std_abs_attribution': 1.7234147003026208e-05, 'mean_attribution_fraction': 0.23642773121595384}, 'MUV': {'mean_abs_attribution': 3.6441426204874005e-05, 'std_abs_attribution': 1.4122864845002557e-05, 'mean_attribution_fraction': 0.16933040879666805}}"
step_10_N,step_09_N,M+MB+MP+MR+MUV,"['M', 'MB', 'MP', 'MR', 'MUV']",3,42,199,fold_03/M_MB_MP_MR_MUV/seed_42/checkpoints/last.pth,23555909,0.5125628140703518,0.42347691392165787,"[[0, 5, 1, 0, 1], [0, 15, 2, 5, 3], [1, 3, 19, 15, 7], [1, 1, 7, 43, 13], [0, 0, 6, 26, 25]]","{'M': {'mean_abs_attribution': 4.24352278900754e-05, 'std_abs_attribution': 1.2724911193579974e-05, 'mean_attribution_fraction': 0.19645951179104235}, 'MB': {'mean_abs_attribution': 3.8026638595972636e-05, 'std_abs_attribution': 1.1303294801203594e-05, 'mean_attribution_fraction': 0.17566402600937753}, 'MP': {'mean_abs_attribution': 4.892483218954747e-05, 'std_abs_attribution': 1.6687187975856917e-05, 'mean_attribution_fraction': 0.22367522607197116}, 'MR': {'mean_abs_attribution': 5.011298863202463e-05, 'std_abs_attribution': 1.3794223022749059e-05, 'mean_attribution_fraction': 0.23332546786147745}, 'MUV': {'mean_abs_attribution': 3.7191310079308194e-05, 'std_abs_attribution': 1.2250863081114323e-05, 'mean_attribution_fraction': 0.1708757680414909}}"
step_10_N,step_09_N,M+MB+MP+MR+MUV,"['M', 'MB', 'MP', 'MR', 'MUV']",4,42,198,fold_04/M_MB_MP_MR_MUV/seed_42/checkpoints/last.pth,23555909,0.4595959595959596,0.3565649118057751,"[[0, 3, 1, 3, 0], [4, 8, 8, 4, 0], [2, 8, 12, 21, 2], [1, 1, 10, 40, 13], [0, 0, 2, 24, 31]]","{'M': {'mean_abs_attribution': 2.801720600730576e-05, 'std_abs_attribution': 8.062672064479146e-06, 'mean_attribution_fraction': 0.19381016492843628}, 'MB': {'mean_abs_attribution': 2.521499793992273e-05, 'std_abs_attribution': 7.768039490124362e-06, 'mean_attribution_fraction': 0.173229522551551}, 'MP': {'mean_abs_attribution': 3.231235087705592e-05, 'std_abs_attribution': 1.2223305549225005e-05, 'mean_attribution_fraction': 0.21946462258847074}, 'MR': {'mean_abs_attribution': 3.5327237707282286e-05, 'std_abs_attribution': 9.986960475513929e-06, 'mean_attribution_fraction': 0.2442225418006531}, 'MUV': {'mean_abs_attribution': 2.4855135286612274e-05, 'std_abs_attribution': 8.979845404322688e-06, 'mean_attribution_fraction': 0.1692731478674845}}"
step_10_N,step_09_N,M+MB+MP+MR+MUV,"['M', 'MB', 'MP', 'MR', 'MUV']",5,42,197,fold_05/M_MB_MP_MR_MUV/seed_42/checkpoints/last.pth,23555909,0.49238578680203043,0.44400344561817107,"[[1, 4, 1, 0, 1], [1, 14, 7, 1, 1], [1, 5, 20, 14, 4], [0, 1, 14, 35, 15], [0, 2, 6, 22, 27]]","{'M': {'mean_abs_attribution': 3.858785475579121e-05, 'std_abs_attribution': 1.1045271895382885e-05, 'mean_attribution_fraction': 0.19798961622158284}, 'MB': {'mean_abs_attribution': 3.387749533947979e-05, 'std_abs_attribution': 9.605739506941011e-06, 'mean_attribution_fraction': 0.17373485515262874}, 'MP': {'mean_abs_attribution': 4.439238290878475e-05, 'std_abs_attribution': 1.609463942727819e-05, 'mean_attribution_fraction': 0.22365184264437196}, 'MR': {'mean_abs_attribution': 4.535365051335506e-05, 'std_abs_attribution': 1.2782159301796866e-05, 'mean_attribution_fraction': 0.23373134971270101}, 'MUV': {'mean_abs_attribution': 3.378051935427268e-05, 'std_abs_attribution': 1.1750646031679057e-05, 'mean_attribution_fraction': 0.17089233505846885}}"
step_10_N,step_09_N,M+MB+MP+MR+MUV,"['M', 'MB', 'MP', 'MR', 'MUV']",1,3407,202,fold_01/M_MB_MP_MR_MUV/seed_3407/checkpoints/last.pth,23555909,0.504950495049505,0.4058431532904601,"[[0, 4, 3, 0, 1], [0, 13, 8, 3, 1], [0, 5, 16, 19, 5], [0, 1, 13, 34, 18], [0, 1, 5, 13, 39]]","{'M': {'mean_abs_attribution': 3.372354529635078e-05, 'std_abs_attribution': 1.1810023197580648e-05, 'mean_attribution_fraction': 0.19108155539425292}, 'MB': {'mean_abs_attribution': 3.1551711889742275e-05, 'std_abs_attribution': 1.1696274796778952e-05, 'mean_attribution_fraction': 0.17783455934264872}, 'MP': {'mean_abs_attribution': 3.873001851658982e-05, 'std_abs_attribution': 1.5270035614348748e-05, 'mean_attribution_fraction': 0.2174557144246479}, 'MR': {'mean_abs_attribution': 4.325922978606817e-05, 'std_abs_attribution': 1.5232543712982036e-05, 'mean_attribution_fraction': 0.24490067370162152}, 'MUV': {'mean_abs_attribution': 2.9983283670529514e-05, 'std_abs_attribution': 1.1411746108773418e-05, 'mean_attribution_fraction': 0.1687274988334958}}"
step_10_N,step_09_N,M+MB+MP+MR+MUV,"['M', 'MB', 'MP', 'MR', 'MUV']",2,3407,200,fold_02/M_MB_MP_MR_MUV/seed_3407/checkpoints/last.pth,23555909,0.525,0.4318886009950881,"[[0, 4, 1, 2, 0], [2, 17, 4, 1, 1], [0, 6, 20, 12, 7], [0, 5, 11, 39, 10], [0, 0, 5, 24, 29]]","{'M': {'mean_abs_attribution': 3.858974014292471e-05, 'std_abs_attribution': 1.0983722011343152e-05, 'mean_attribution_fraction': 0.19419048257172108}, 'MB': {'mean_abs_attribution': 3.4768952718877697e-05, 'std_abs_attribution': 1.0558726045345149e-05, 'mean_attribution_fraction': 0.17394475370645524}, 'MP': {'mean_abs_attribution': 4.569433675897017e-05, 'std_abs_attribution': 1.7819766769929654e-05, 'mean_attribution_fraction': 0.2247343049198389}, 'MR': {'mean_abs_attribution': 4.7097580318222756e-05, 'std_abs_attribution': 1.4530122563309372e-05, 'mean_attribution_fraction': 0.23577623769640924}, 'MUV': {'mean_abs_attribution': 3.4846909502448396e-05, 'std_abs_attribution': 1.37750588153918e-05, 'mean_attribution_fraction': 0.1713542176783085}}"
step_10_N,step_09_N,M+MB+MP+MR+MUV,"['M', 'MB', 'MP', 'MR', 'MUV']",3,3407,199,fold_03/M_MB_MP_MR_MUV/seed_3407/checkpoints/last.pth,23555909,0.4623115577889447,0.369691036512268,"[[0, 5, 1, 0, 1], [0, 10, 10, 2, 3], [0, 6, 21, 11, 7], [1, 1, 16, 27, 20], [0, 0, 9, 14, 34]]","{'M': {'mean_abs_attribution': 3.142083861992926e-05, 'std_abs_attribution': 1.0549731118315747e-05, 'mean_attribution_fraction': 0.19883473704208682}, 'MB': {'mean_abs_attribution': 2.7107895362659197e-05, 'std_abs_attribution': 9.009549730613512e-06, 'mean_attribution_fraction': 0.1715549522608369}, 'MP': {'mean_abs_attribution': 3.647325695110614e-05, 'std_abs_attribution': 1.541015021647547e-05, 'mean_attribution_fraction': 0.22592518512328066}, 'MR': {'mean_abs_attribution': 3.671455248589534e-05, 'std_abs_attribution': 1.2433248055543274e-05, 'mean_attribution_fraction': 0.23199810836482887}, 'MUV': {'mean_abs_attribution': 2.759785044630615e-05, 'std_abs_attribution': 1.1492379027361496e-05, 'mean_attribution_fraction': 0.17168701889377144}}"
step_10_N,step_09_N,M+MB+MP+MR+MUV,"['M', 'MB', 'MP', 'MR', 'MUV']",4,3407,198,fold_04/M_MB_MP_MR_MUV/seed_3407/checkpoints/last.pth,23555909,0.5050505050505051,0.399436425811609,"[[0, 5, 1, 0, 1], [3, 10, 7, 3, 1], [2, 9, 18, 14, 2], [0, 0, 15, 34, 16], [0, 0, 3, 16, 38]]","{'M': {'mean_abs_attribution': 2.713301139028956e-05, 'std_abs_attribution': 7.832606578905455e-06, 'mean_attribution_fraction': 0.18670769028290354}, 'MB': {'mean_abs_attribution': 2.531861922063693e-05, 'std_abs_attribution': 7.5527805543096e-06, 'mean_attribution_fraction': 0.17366433903725462}, 'MP': {'mean_abs_attribution': 3.261417215540088e-05, 'std_abs_attribution': 1.252477097961171e-05, 'mean_attribution_fraction': 0.220277284206164}, 'MR': {'mean_abs_attribution': 3.563831403586635e-05, 'std_abs_attribution': 1.0016864584524994e-05, 'mean_attribution_fraction': 0.2459237687666007}, 'MUV': {'mean_abs_attribution': 2.558935229348153e-05, 'std_abs_attribution': 9.34323446609512e-06, 'mean_attribution_fraction': 0.17342691590087583}}"
step_10_N,step_09_N,M+MB+MP+MR+MUV,"['M', 'MB', 'MP', 'MR', 'MUV']",5,3407,197,fold_05/M_MB_MP_MR_MUV/seed_3407/checkpoints/last.pth,23555909,0.48223350253807107,0.48247746100838407,"[[3, 2, 2, 0, 0], [1, 15, 6, 1, 1], [2, 5, 17, 17, 3], [0, 1, 13, 35, 16], [1, 2, 8, 21, 25]]","{'M': {'mean_abs_attribution': 3.3441089232703956e-05, 'std_abs_attribution': 1.1806980410474154e-05, 'mean_attribution_fraction': 0.19258340724228604}, 'MB': {'mean_abs_attribution': 3.0170456083567676e-05, 'std_abs_attribution': 1.0477155486188142e-05, 'mean_attribution_fraction': 0.173486056137206}, 'MP': {'mean_abs_attribution': 3.970591126463074e-05, 'std_abs_attribution': 1.6600117504540786e-05, 'mean_attribution_fraction': 0.2243111809800724}, 'MR': {'mean_abs_attribution': 4.241508493227423e-05, 'std_abs_attribution': 1.7273714951190856e-05, 'mean_attribution_fraction': 0.24049613598337027}, 'MUV': {'mean_abs_attribution': 2.9782024654279093e-05, 'std_abs_attribution': 1.2014853922791917e-05, 'mean_attribution_fraction': 0.16912321946796427}}"
step_10_N,step_09_N,M+MB+MP+MR+MUV,"['M', 'MB', 'MP', 'MR', 'MUV']",1,2026,202,fold_01/M_MB_MP_MR_MUV/seed_2026/checkpoints/last.pth,23555909,0.49504950495049505,0.40189512847343334,"[[0, 3, 4, 1, 0], [0, 13, 11, 1, 0], [0, 5, 15, 20, 5], [1, 0, 10, 34, 21], [0, 1, 5, 14, 38]]","{'M': {'mean_abs_attribution': 3.114549230808239e-05, 'std_abs_attribution': 9.299335286927705e-06, 'mean_attribution_fraction': 0.18716869518013285}, 'MB': {'mean_abs_attribution': 2.973301424039038e-05, 'std_abs_attribution': 9.27171785785289e-06, 'mean_attribution_fraction': 0.17826356547008645}, 'MP': {'mean_abs_attribution': 3.702859594070988e-05, 'std_abs_attribution': 1.2552128327832711e-05, 'mean_attribution_fraction': 0.22089114976991522}, 'MR': {'mean_abs_attribution': 4.054310511942321e-05, 'std_abs_attribution': 1.2213837697207863e-05, 'mean_attribution_fraction': 0.2444207288398601}, 'MUV': {'mean_abs_attribution': 2.8281547922305623e-05, 'std_abs_attribution': 9.152218125172028e-06, 'mean_attribution_fraction': 0.16925586420710725}}"
step_10_N,step_09_N,M+MB+MP+MR+MUV,"['M', 'MB', 'MP', 'MR', 'MUV']",2,2026,200,fold_02/M_MB_MP_MR_MUV/seed_2026/checkpoints/last.pth,23555909,0.495,0.39441380087150657,"[[0, 4, 1, 2, 0], [2, 12, 8, 3, 0], [0, 7, 19, 12, 7], [0, 6, 17, 31, 11], [0, 2, 4, 15, 37]]","{'M': {'mean_abs_attribution': 3.3142826423500084e-05, 'std_abs_attribution': 9.571807802225856e-06, 'mean_attribution_fraction': 0.19725075051188468}, 'MB': {'mean_abs_attribution': 2.930945419393538e-05, 'std_abs_attribution': 9.255495086303675e-06, 'mean_attribution_fraction': 0.17307972200214863}, 'MP': {'mean_abs_attribution': 3.8095406666798225e-05, 'std_abs_attribution': 1.539587819920424e-05, 'mean_attribution_fraction': 0.22069414272904397}, 'MR': {'mean_abs_attribution': 4.0299381789736797e-05, 'std_abs_attribution': 1.2622383166594989e-05, 'mean_attribution_fraction': 0.23856608152389527}, 'MUV': {'mean_abs_attribution': 2.9442310528793313e-05, 'std_abs_attribution': 1.2069807412621445e-05, 'mean_attribution_fraction': 0.17040929935872554}}"
step_10_N,step_09_N,M+MB+MP+MR+MUV,"['M', 'MB', 'MP', 'MR', 'MUV']",3,2026,199,fold_03/M_MB_MP_MR_MUV/seed_2026/checkpoints/last.pth,23555909,0.4623115577889447,0.3687469326321656,"[[0, 6, 0, 0, 1], [0, 12, 5, 3, 5], [0, 10, 18, 11, 6], [0, 3, 12, 32, 18], [0, 0, 7, 20, 30]]","{'M': {'mean_abs_attribution': 3.478770946942553e-05, 'std_abs_attribution': 9.853217916526692e-06, 'mean_attribution_fraction': 0.19544748055875003}, 'MB': {'mean_abs_attribution': 3.1191188145613753e-05, 'std_abs_attribution': 8.21803879824594e-06, 'mean_attribution_fraction': 0.17560244385321536}, 'MP': {'mean_abs_attribution': 3.99598233544662e-05, 'std_abs_attribution': 1.2564446347841341e-05, 'mean_attribution_fraction': 0.22318926333782063}, 'MR': {'mean_abs_attribution': 4.1575819125513655e-05, 'std_abs_attribution': 1.0548491141420436e-05, 'mean_attribution_fraction': 0.23489603991784044}, 'MUV': {'mean_abs_attribution': 3.049593583935019e-05, 'std_abs_attribution': 9.154574682155784e-06, 'mean_attribution_fraction': 0.1708647703854882}}"
step_10_N,step_09_N,M+MB+MP+MR+MUV,"['M', 'MB', 'MP', 'MR', 'MUV']",4,2026,198,fold_04/M_MB_MP_MR_MUV/seed_2026/checkpoints/last.pth,23555909,0.5252525252525253,0.41031335316409273,"[[0, 4, 1, 1, 1], [1, 9, 12, 2, 0], [1, 8, 21, 13, 2], [1, 1, 12, 37, 14], [0, 0, 6, 14, 37]]","{'M': {'mean_abs_attribution': 3.4971919996513115e-05, 'std_abs_attribution': 9.818070068892913e-06, 'mean_attribution_fraction': 0.19080962609462063}, 'MB': {'mean_abs_attribution': 3.241507455080717e-05, 'std_abs_attribution': 9.142248490605678e-06, 'mean_attribution_fraction': 0.1765760922371739}, 'MP': {'mean_abs_attribution': 4.046055081367611e-05, 'std_abs_attribution': 1.3924835896286832e-05, 'mean_attribution_fraction': 0.21776619719134438}, 'MR': {'mean_abs_attribution': 4.5496900604506884e-05, 'std_abs_attribution': 1.2639581359870067e-05, 'mean_attribution_fraction': 0.2485029317363344}, 'MUV': {'mean_abs_attribution': 3.079577233868556e-05, 'std_abs_attribution': 1.0128059919673812e-05, 'mean_attribution_fraction': 0.16634515089669613}}"
step_10_N,step_09_N,M+MB+MP+MR+MUV,"['M', 'MB', 'MP', 'MR', 'MUV']",5,2026,197,fold_05/M_MB_MP_MR_MUV/seed_2026/checkpoints/last.pth,23555909,0.4619289340101523,0.3889998235130978,"[[0, 5, 2, 0, 0], [1, 15, 7, 0, 1], [0, 6, 24, 8, 6], [0, 1, 24, 24, 16], [0, 1, 12, 16, 28]]","{'M': {'mean_abs_attribution': 4.4188159248327156e-05, 'std_abs_attribution': 1.1898279603911955e-05, 'mean_attribution_fraction': 0.19552365883352793}, 'MB': {'mean_abs_attribution': 3.9842060627061215e-05, 'std_abs_attribution': 1.016366944477634e-05, 'mean_attribution_fraction': 0.1768037127661826}, 'MP': {'mean_abs_attribution': 5.0040720092566435e-05, 'std_abs_attribution': 1.5850882033595063e-05, 'mean_attribution_fraction': 0.21902808501635712}, 'MR': {'mean_abs_attribution': 5.43029933202708e-05, 'std_abs_attribution': 1.558202829973877e-05, 'mean_attribution_fraction': 0.23967154324054718}, 'MUV': {'mean_abs_attribution': 3.841811238015709e-05, 'std_abs_attribution': 1.1509689662235148e-05, 'mean_attribution_fraction': 0.16897300135363177}}"
