json_file,sample_id,imagePath,png_exists,is_duplicate_name,n_shapes_total,n_red_shapes
MR0001.json,MR0001,MR0001.JPG,True,False,8,8
MR0657.json,MR0657,MR0658.JPG,True,False,8,8
MR0658.json,MR0658,MR0659.JPG,True,False,4,4
MR0659.json,MR0659,MR0660.JPG,True,False,6,6
MR0660.json,MR0660,MR0661.JPG,True,False,8,8
MR0661.json,MR0661,MR0662.JPG,True,False,8,8
MR0662.json,MR0662,MR0663.JPG,True,False,7,7
MR0663.json,MR0663,MR0664.JPG,True,False,6,6
MR0664.json,MR0664,MR0665.JPG,True,False,7,7
MR0665.json,MR0665,MR0666.JPG,True,False,7,7
MR0666.json,MR0666,MR0667.JPG,True,False,5,5
MR0667.json,MR0667,MR0668.JPG,True,False,7,7
MR0668.json,MR0668,MR0669.JPG,True,False,6,6
MR0669.json,MR0669,MR0670.JPG,True,False,8,8
MR0670.json,MR0670,MR0671.JPG,True,False,7,7
MR0671.json,MR0671,MR0672.JPG,True,False,6,6
MR0672.json,MR0672,MR0673.JPG,True,False,6,6
MR0673.json,MR0673,MR0674.JPG,True,False,6,6
MR0674.json,MR0674,MR0675.JPG,True,False,7,7
MR0675.json,MR0675,MR0676.JPG,True,False,5,5
MR0676.json,MR0676,MR0677.JPG,True,False,6,6
MR0677.json,MR0677,MR0678.JPG,True,False,7,7
MR0678.json,MR0678,MR0679.JPG,True,False,7,7
MR0679.json,MR0679,MR0680.JPG,True,False,6,6
MR0680.json,MR0680,MR0681.JPG,True,False,6,6
MR0681.json,MR0681,MR0682.JPG,True,False,5,5
MR0682.json,MR0682,MR0683.JPG,True,False,6,6
MR0683.json,MR0683,MR0684.JPG,True,False,5,5
MR0656.json,MR0656,MR0657.JPG,True,False,6,6
MR0684.json,MR0684,MR0685.JPG,True,False,7,7
MR0655.json,MR0655,MR0656.JPG,True,False,5,5
MR0653.json,MR0653,MR0654.JPG,True,False,6,6
MR0626.json,MR0626,MR0627.JPG,True,False,5,5
MR0627.json,MR0627,MR0628.JPG,True,False,6,6
MR0628.json,MR0628,MR0629.JPG,True,False,6,6
MR0629.json,MR0629,MR0630.JPG,True,False,4,4
MR0630.json,MR0630,MR0631.JPG,True,False,6,6
MR0631.json,MR0631,MR0632.JPG,True,False,5,5
MR0632.json,MR0632,MR0633.JPG,True,False,4,4
MR0633.json,MR0633,MR0634.JPG,True,False,6,6
MR0634.json,MR0634,MR0635.JPG,True,False,4,4
MR0635.json,MR0635,MR0636.JPG,True,False,4,4
MR0636.json,MR0636,MR0637.JPG,True,False,6,6
MR0637.json,MR0637,MR0638.JPG,True,False,6,6
MR0638.json,MR0638,MR0639.JPG,True,False,9,9
MR0639.json,MR0639,MR0640.JPG,True,False,8,8
MR0640.json,MR0640,MR0641.JPG,True,False,7,7
MR0641.json,MR0641,MR0642.JPG,True,False,6,6
MR0642.json,MR0642,MR0643.JPG,True,False,6,6
MR0643.json,MR0643,MR0644.JPG,True,False,8,8
MR0644.json,MR0644,MR0645.JPG,True,False,5,5
MR0645.json,MR0645,MR0646.JPG,True,False,8,8
MR0646.json,MR0646,MR0647.JPG,True,False,7,7
MR0647.json,MR0647,MR0648.JPG,True,False,5,5
MR0648.json,MR0648,MR0649.JPG,True,False,5,5
MR0649.json,MR0649,MR0650.JPG,True,False,7,7
MR0650.json,MR0650,MR0651.JPG,True,False,5,5
MR0651.json,MR0651,MR0652.JPG,True,False,8,8
MR0652.json,MR0652,MR0653.JPG,True,False,6,6
MR0654.json,MR0654,MR0655.JPG,True,False,7,7
MR0685.json,MR0685,MR0686.JPG,True,False,4,4
MR0686.json,MR0686,MR0687.JPG,True,False,5,5
MR0687.json,MR0687,MR0688.JPG,True,False,5,5
MR0720.json,MR0720,MR0721.JPG,True,False,5,5
MR0721.json,MR0721,MR0722.JPG,True,False,5,5
MR0722.json,MR0722,MR0723.JPG,True,False,5,5
MR0723.json,MR0723,MR0724.JPG,True,False,5,5
MR0724.json,MR0724,MR0725.JPG,True,False,5,5
MR0725.json,MR0725,MR0726.JPG,True,False,6,6
MR0726.json,MR0726,MR0727.JPG,True,False,7,7
MR0727.json,MR0727,MR0728.JPG,True,False,5,5
MR0728.json,MR0728,MR0729.JPG,True,False,10,10
MR0729.json,MR0729,MR0730.JPG,True,False,8,8
MR0730.json,MR0730,MR0731.JPG,True,False,7,7
MR0731.json,MR0731,MR0732.JPG,True,False,8,8
MR0732.json,MR0732,MR0733.JPG,True,False,8,8
MR0733.json,MR0733,MR0734.JPG,True,False,8,8
MR0734.json,MR0734,MR0735.JPG,True,False,10,10
MR0735.json,MR0735,MR0736.JPG,True,False,7,7
MR0736.json,MR0736,MR0737.JPG,True,False,9,9
MR0737.json,MR0737,MR0738.JPG,True,False,8,8
MR0738.json,MR0738,MR0739.JPG,True,False,5,5
MR0739.json,MR0739,MR0740.JPG,True,False,5,5
MR0740.json,MR0740,MR0741.JPG,True,False,6,6
MR0741.json,MR0741,MR0742.JPG,True,False,5,5
MR0742.json,MR0742,MR0743.JPG,True,False,6,6
MR0743.json,MR0743,MR0744.JPG,True,False,6,6
MR0744.json,MR0744,MR0745.JPG,True,False,6,6
MR0745.json,MR0745,MR0746.JPG,True,False,8,8
MR0746.json,MR0746,MR0747.JPG,True,False,5,5
MR0719.json,MR0719,MR0720.JPG,True,False,5,5
MR0718.json,MR0718,MR0719.JPG,True,False,5,5
MR0717.json,MR0717,MR0718.JPG,True,False,6,6
MR0716.json,MR0716,MR0717.JPG,True,False,6,6
MR0688.json,MR0688,MR0689.JPG,True,False,4,4
MR0689.json,MR0689,MR0690.JPG,True,False,4,4
MR0690.json,MR0690,MR0691.JPG,True,False,6,6
MR0691.json,MR0691,MR0692.JPG,True,False,5,5
MR0692.json,MR0692,MR0693.JPG,True,False,7,7
MR0693.json,MR0693,MR0694.JPG,True,False,8,8
MR0694.json,MR0694,MR0695.JPG,True,False,4,4
MR0695.json,MR0695,MR0696.JPG,True,False,5,5
MR0696.json,MR0696,MR0697.JPG,True,False,7,7
MR0697.json,MR0697,MR0698.JPG,True,False,4,4
MR0698.json,MR0698,MR0699.JPG,True,False,6,6
MR0699.json,MR0699,MR0700.JPG,True,False,4,4
MR0700.json,MR0700,MR0701.JPG,True,False,5,5
MR0625.json,MR0625,MR0626.JPG,True,False,9,9
MR0701.json,MR0701,MR0702.JPG,True,False,7,7
MR0703.json,MR0703,MR0704.JPG,True,False,5,5
MR0704.json,MR0704,MR0705.JPG,True,False,4,4
MR0705.json,MR0705,MR0706.JPG,True,False,6,6
MR0706.json,MR0706,MR0707.JPG,True,False,6,6
MR0707.json,MR0707,MR0708.JPG,True,False,4,4
MR0708.json,MR0708,MR0709.JPG,True,False,6,6
MR0709.json,MR0709,MR0710.JPG,True,False,4,4
MR0710.json,MR0710,MR0711.JPG,True,False,7,7
MR0711.json,MR0711,MR0712.JPG,True,False,6,6
MR0712.json,MR0712,MR0713.JPG,True,False,9,9
MR0713.json,MR0713,MR0714.JPG,True,False,7,7
MR0714.json,MR0714,MR0715.JPG,True,False,6,6
MR0715.json,MR0715,MR0716.JPG,True,False,6,6
MR0702.json,MR0702,MR0703.JPG,True,False,6,6
MR0747.json,MR0747,MR0748.JPG,True,False,6,6
MR0624.json,MR0624,MR0625.JPG,True,False,8,8
MR0622.json,MR0622,MR0623.JPG,True,False,8,8
MR0532.json,MR0532,MR0533.JPG,True,False,5,5
MR0533.json,MR0533,MR0534.JPG,True,False,4,4
MR0534.json,MR0534,MR0535.JPG,True,False,4,4
MR0535.json,MR0535,MR0536.JPG,True,False,8,8
MR0536.json,MR0536,MR0537.JPG,True,False,8,8
MR0537.json,MR0537,MR0538.JPG,True,False,7,7
MR0538.json,MR0538,MR0539.JPG,True,False,6,6
MR0539.json,MR0539,MR0540.JPG,True,False,5,5
MR0540.json,MR0540,MR0541.JPG,True,False,6,6
MR0541.json,MR0541,MR0542.JPG,True,False,5,5
MR0542.json,MR0542,MR0543.JPG,True,False,7,7
MR0543.json,MR0543,MR0544.JPG,True,False,7,7
MR0544.json,MR0544,MR0545.JPG,True,False,6,6
MR0545.json,MR0545,MR0546.JPG,True,False,8,8
MR0546.json,MR0546,MR0547.JPG,True,False,9,9
MR0547.json,MR0547,MR0548.JPG,True,False,7,7
MR0548.json,MR0548,MR0549.JPG,True,False,7,7
MR0549.json,MR0549,MR0550.JPG,True,False,4,4
MR0550.json,MR0550,MR0551.JPG,True,False,13,13
MR0551.json,MR0551,MR0552.JPG,True,False,7,7
MR0552.json,MR0552,MR0553.JPG,True,False,8,8
MR0553.json,MR0553,MR0554.JPG,True,False,8,8
MR0554.json,MR0554,MR0555.JPG,True,False,6,6
MR0555.json,MR0555,MR0556.JPG,True,False,8,8
MR0556.json,MR0556,MR0557.JPG,True,False,6,6
MR0557.json,MR0557,MR0558.JPG,True,False,8,8
MR0558.json,MR0558,MR0559.JPG,True,False,4,4
MR0531.json,MR0531,MR0532.JPG,True,False,5,5
MR0559.json,MR0559,MR0560.JPG,True,False,5,5
MR0530.json,MR0530,MR0531.JPG,True,False,5,5
MR0528.json,MR0528,MR0529.JPG,True,False,5,5
MR0501.json,MR0501,MR0502.JPG,True,False,4,4
MR0502.json,MR0502,MR0503.JPG,True,False,4,4
MR0503.json,MR0503,MR0504.JPG,True,False,5,5
MR0504.json,MR0504,MR0505.JPG,True,False,4,4
MR0505.json,MR0505,MR0506.JPG,True,False,3,3
MR0506.json,MR0506,MR0507.JPG,True,False,4,4
MR0507.json,MR0507,MR0508.JPG,True,False,4,4
MR0508.json,MR0508,MR0509.JPG,True,False,4,4
MR0509.json,MR0509,MR0510.JPG,True,False,5,5
MR0510.json,MR0510,MR0511.JPG,True,False,4,4
MR0511.json,MR0511,MR0512.JPG,True,False,3,3
MR0512.json,MR0512,MR0513.JPG,True,False,5,5
MR0513.json,MR0513,MR0514.JPG,True,False,5,5
MR0514.json,MR0514,MR0515.JPG,True,False,5,5
MR0515.json,MR0515,MR0516.JPG,True,False,6,6
MR0516.json,MR0516,MR0517.JPG,True,False,5,5
MR0517.json,MR0517,MR0518.JPG,True,False,5,5
MR0518.json,MR0518,MR0519.JPG,True,False,4,4
MR0519.json,MR0519,MR0520.JPG,True,False,5,5
MR0520.json,MR0520,MR0521.JPG,True,False,5,5
MR0521.json,MR0521,MR0522.JPG,True,False,3,3
MR0522.json,MR0522,MR0523.JPG,True,False,3,3
MR0523.json,MR0523,MR0524.JPG,True,False,5,5
MR0524.json,MR0524,MR0525.JPG,True,False,2,2
MR0525.json,MR0525,MR0526.JPG,True,False,4,4
MR0526.json,MR0526,MR0527.JPG,True,False,5,5
MR0527.json,MR0527,MR0528.JPG,True,False,5,5
MR0529.json,MR0529,MR0530.JPG,True,False,5,5
MR0560.json,MR0560,MR0561.JPG,True,False,5,5
MR0561.json,MR0561,MR0562.JPG,True,False,5,5
MR0562.json,MR0562,MR0563.JPG,True,False,7,7
MR0595.json,MR0595,MR0596.JPG,True,False,6,6
MR0596.json,MR0596,MR0597.JPG,True,False,5,5
MR0597.json,MR0597,MR0598.JPG,True,False,6,6
MR0598.json,MR0598,MR0599.JPG,True,False,7,7
MR0599.json,MR0599,MR0600.JPG,True,False,5,5
MR0600.json,MR0600,MR0601.JPG,True,False,5,5
MR0601.json,MR0601,MR0602.JPG,True,False,4,4
MR0602.json,MR0602,MR0603.JPG,True,False,5,5
MR0603.json,MR0603,MR0604.JPG,True,False,4,4
MR0604.json,MR0604,MR0605.JPG,True,False,6,6
MR0605.json,MR0605,MR0606.JPG,True,False,6,6
MR0606.json,MR0606,MR0607.JPG,True,False,5,5
MR0607.json,MR0607,MR0608.JPG,True,False,6,6
MR0608.json,MR0608,MR0609.JPG,True,False,5,5
MR0609.json,MR0609,MR0610.JPG,True,False,7,7
MR0610.json,MR0610,MR0611.JPG,True,False,7,7
MR0611.json,MR0611,MR0612.JPG,True,False,7,7
MR0612.json,MR0612,MR0613.JPG,True,False,7,7
MR0613.json,MR0613,MR0614.JPG,True,False,7,7
MR0614.json,MR0614,MR0615.JPG,True,False,6,6
MR0615.json,MR0615,MR0616.JPG,True,False,6,6
MR0616.json,MR0616,MR0617.JPG,True,False,8,8
MR0617.json,MR0617,MR0618.JPG,True,False,6,6
MR0618.json,MR0618,MR0619.JPG,True,False,10,10
MR0619.json,MR0619,MR0620.JPG,True,False,5,5
MR0620.json,MR0620,MR0621.JPG,True,False,6,6
MR0621.json,MR0621,MR0622.JPG,True,False,6,6
MR0594.json,MR0594,MR0595.JPG,True,False,8,8
MR0593.json,MR0593,MR0594.JPG,True,False,9,9
MR0592.json,MR0592,MR0593.JPG,True,False,7,7
MR0591.json,MR0591,MR0592.JPG,True,False,8,8
MR0563.json,MR0563,MR0564.JPG,True,False,7,7
MR0564.json,MR0564,MR0565.JPG,True,False,6,6
MR0565.json,MR0565,MR0566.JPG,True,False,7,7
MR0566.json,MR0566,MR0567.JPG,True,False,8,8
MR0567.json,MR0567,MR0568.JPG,True,False,8,8
MR0568.json,MR0568,MR0569.JPG,True,False,5,5
MR0569.json,MR0569,MR0570.JPG,True,False,5,5
MR0570.json,MR0570,MR0571.JPG,True,False,7,7
MR0571.json,MR0571,MR0572.JPG,True,False,7,7
MR0572.json,MR0572,MR0573.JPG,True,False,9,9
MR0573.json,MR0573,MR0574.JPG,True,False,7,7
MR0574.json,MR0574,MR0575.JPG,True,False,9,9
MR0575.json,MR0575,MR0576.JPG,True,False,9,9
MR0623.json,MR0623,MR0624.JPG,True,False,7,7
MR0576.json,MR0576,MR0577.JPG,True,False,7,7
MR0578.json,MR0578,MR0579.JPG,True,False,6,6
MR0579.json,MR0579,MR0580.JPG,True,False,8,8
MR0580.json,MR0580,MR0581.JPG,True,False,9,9
MR0581.json,MR0581,MR0582.JPG,True,False,7,7
MR0582.json,MR0582,MR0583.JPG,True,False,9,9
MR0583.json,MR0583,MR0584.JPG,True,False,7,7
MR0584.json,MR0584,MR0585.JPG,True,False,8,8
MR0585.json,MR0585,MR0586.JPG,True,False,5,5
MR0586.json,MR0586,MR0587.JPG,True,False,9,9
MR0587.json,MR0587,MR0588.JPG,True,False,5,5
MR0588.json,MR0588,MR0589.JPG,True,False,7,7
MR0589.json,MR0589,MR0590.JPG,True,False,5,5
MR0590.json,MR0590,MR0591.JPG,True,False,5,5
MR0577.json,MR0577,MR0578.JPG,True,False,6,6
MR0500.json,MR0500,MR0501.JPG,True,False,4,4
MR0748.json,MR0748,MR0749.JPG,True,False,8,8
MR0750.json,MR0750,MR0751.JPG,True,False,5,5
MR0909.json,MR0909,MR0910.JPG,True,False,7,7
MR0910.json,MR0910,MR0911.JPG,True,False,10,10
MR0911.json,MR0911,MR0912.JPG,True,False,9,9
MR0912.json,MR0912,MR0913.JPG,True,False,7,7
MR0913.json,MR0913,MR0914.JPG,True,False,7,7
MR0914.json,MR0914,MR0915.JPG,True,False,7,7
MR0915.json,MR0915,MR0916.JPG,True,False,7,7
MR0916.json,MR0916,MR0917.JPG,True,False,4,4
MR0917.json,MR0917,MR0918.JPG,True,False,10,10
MR0918.json,MR0918,MR0919.JPG,True,False,6,6
MR0919.json,MR0919,MR0920.JPG,True,False,6,6
MR0920.json,MR0920,MR0921.JPG,True,False,8,8
MR0921.json,MR0921,MR0922.JPG,True,False,5,5
MR0922.json,MR0922,MR0923.JPG,True,False,8,8
MR0923.json,MR0923,MR0924.JPG,True,False,7,7
MR0924.json,MR0924,MR0925.JPG,True,False,4,4
MR0925.json,MR0925,MR0926.JPG,True,False,6,6
MR0926.json,MR0926,MR0927.JPG,True,False,9,9
MR0927.json,MR0927,MR0928.JPG,True,False,5,5
MR0928.json,MR0928,MR0929.JPG,True,False,5,5
MR0929.json,MR0929,MR0930.JPG,True,False,7,7
MR0930.json,MR0930,MR0931.JPG,True,False,7,7
MR0931.json,MR0931,MR0932.JPG,True,False,5,5
MR0932.json,MR0932,MR0933.JPG,True,False,7,7
MR0933.json,MR0933,MR0934.JPG,True,False,8,8
MR0934.json,MR0934,MR0935.JPG,True,False,7,7
MR0935.json,MR0935,MR0936.JPG,True,False,6,6
MR0908.json,MR0908,MR0909.JPG,True,False,11,11
MR0936.json,MR0936,MR0937.JPG,True,False,9,9
MR0907.json,MR0907,MR0908.JPG,True,False,7,7
MR0905.json,MR0905,MR0906.JPG,True,False,9,9
MR0878.json,MR0878,MR0879.JPG,True,False,5,5
MR0879.json,MR0879,MR0880.JPG,True,False,7,7
MR0880.json,MR0880,MR0881.JPG,True,False,6,6
MR0881.json,MR0881,MR0882.JPG,True,False,8,8
MR0882.json,MR0882,MR0883.JPG,True,False,7,7
MR0883.json,MR0883,MR0884.JPG,True,False,8,8
MR0884.json,MR0884,MR0885.JPG,True,False,7,7
MR0885.json,MR0885,MR0886.JPG,True,False,9,9
MR0886.json,MR0886,MR0887.JPG,True,False,13,13
MR0887.json,MR0887,MR0888.JPG,True,False,6,6
MR0888.json,MR0888,MR0889.JPG,True,False,5,5
MR0889.json,MR0889,MR0890.JPG,True,False,5,5
MR0890.json,MR0890,MR0891.JPG,True,False,8,8
MR0891.json,MR0891,MR0892.JPG,True,False,8,8
MR0892.json,MR0892,MR0893.JPG,True,False,6,6
MR0893.json,MR0893,MR0894.JPG,True,False,7,7
MR0894.json,MR0894,MR0895.JPG,True,False,7,7
MR0895.json,MR0895,MR0896.JPG,True,False,7,7
MR0896.json,MR0896,MR0897.JPG,True,False,6,6
MR0897.json,MR0897,MR0898.JPG,True,False,6,6
MR0898.json,MR0898,MR0899.JPG,True,False,7,7
MR0899.json,MR0899,MR0900.JPG,True,False,4,4
MR0900.json,MR0900,MR0901.JPG,True,False,6,6
MR0901.json,MR0901,MR0902.JPG,True,False,6,6
MR0902.json,MR0902,MR0903.JPG,True,False,4,4
MR0903.json,MR0903,MR0904.JPG,True,False,8,8
MR0904.json,MR0904,MR0905.JPG,True,False,5,5
MR0906.json,MR0906,MR0907.JPG,True,False,10,10
MR0937.json,MR0937,MR0938.JPG,True,False,5,5
MR0938.json,MR0938,MR0939.JPG,True,False,5,5
MR0939.json,MR0939,MR0940.JPG,True,False,5,5
MR0972.json,MR0972,MR0973.JPG,True,False,6,6
MR0973.json,MR0973,MR0974.JPG,True,False,6,6
MR0974.json,MR0974,MR0975.JPG,True,False,6,6
MR0975.json,MR0975,MR0976.JPG,True,False,5,5
MR0976.json,MR0976,MR0977.JPG,True,False,6,6
MR0977.json,MR0977,MR0978.JPG,True,False,6,6
MR0978.json,MR0978,MR0979.JPG,True,False,5,5
MR0979.json,MR0979,MR0980.JPG,True,False,6,6
MR0980.json,MR0980,MR0981.JPG,True,False,8,8
MR0981.json,MR0981,MR0982.JPG,True,False,6,6
MR0982.json,MR0982,MR0983.JPG,True,False,7,7
MR0983.json,MR0983,MR0984.JPG,True,False,9,9
MR0984.json,MR0984,MR0985.JPG,True,False,8,8
MR0985.json,MR0985,MR0986.JPG,True,False,11,11
MR0986.json,MR0986,MR0987.JPG,True,False,7,7
MR0987.json,MR0987,MR0988.JPG,True,False,6,6
MR0988.json,MR0988,MR0989.JPG,True,False,7,7
MR0989.json,MR0989,MR0990.JPG,True,False,5,5
MR0990.json,MR0990,MR0991.JPG,True,False,4,4
MR0991.json,MR0991,MR0992.JPG,True,False,4,4
MR0992.json,MR0992,MR0993.JPG,True,False,8,8
MR0993.json,MR0993,MR0994.JPG,True,False,6,6
MR0994.json,MR0994,MR0995.JPG,True,False,6,6
MR0995.json,MR0995,MR0996.JPG,True,False,6,6
MR0996.json,MR0996,MR0997.JPG,True,False,4,4
MR0997.json,MR0997,MR0998.JPG,True,False,7,7
MR0998.json,MR0998,MR0999.JPG,True,False,6,6
MR0971.json,MR0971,MR0972.JPG,True,False,5,5
MR0970.json,MR0970,MR0971.JPG,True,False,5,5
MR0969.json,MR0969,MR0970.JPG,True,False,5,5
MR0968.json,MR0968,MR0969.JPG,True,False,5,5
MR0940.json,MR0940,MR0941.JPG,True,False,4,4
MR0941.json,MR0941,MR0942.JPG,True,False,8,8
MR0942.json,MR0942,MR0943.JPG,True,False,7,7
MR0943.json,MR0943,MR0944.JPG,True,False,5,5
MR0944.json,MR0944,MR0945.JPG,True,False,5,5
MR0945.json,MR0945,MR0946.JPG,True,False,4,4
MR0946.json,MR0946,MR0947.JPG,True,False,4,4
MR0947.json,MR0947,MR0948.JPG,True,False,6,6
MR0948.json,MR0948,MR0949.JPG,True,False,3,3
MR0949.json,MR0949,MR0950.JPG,True,False,5,5
MR0950.json,MR0950,MR0951.JPG,True,False,8,8
MR0951.json,MR0951,MR0952.JPG,True,False,4,4
MR0952.json,MR0952,MR0953.JPG,True,False,6,6
MR0877.json,MR0877,MR0878.JPG,True,False,7,7
MR0953.json,MR0953,MR0954.JPG,True,False,7,7
MR0955.json,MR0955,MR0956.JPG,True,False,4,4
MR0956.json,MR0956,MR0957.JPG,True,False,8,8
MR0957.json,MR0957,MR0958.JPG,True,False,5,5
MR0958.json,MR0958,MR0959.JPG,True,False,4,4
MR0959.json,MR0959,MR0960.JPG,True,False,2,2
MR0960.json,MR0960,MR0961.JPG,True,False,3,3
MR0961.json,MR0961,MR0962.JPG,True,False,2,2
MR0962.json,MR0962,MR0963.JPG,True,False,7,7
MR0963.json,MR0963,MR0964.JPG,True,False,7,7
MR0964.json,MR0964,MR0965.JPG,True,False,5,5
MR0965.json,MR0965,MR0966.JPG,True,False,3,3
MR0966.json,MR0966,MR0967.JPG,True,False,6,6
MR0967.json,MR0967,MR0968.JPG,True,False,7,7
MR0954.json,MR0954,MR0955.JPG,True,False,6,6
MR0749.json,MR0749,MR0750.JPG,True,False,5,5
MR0876.json,MR0876,MR0877.JPG,True,False,6,6
MR0874.json,MR0874,MR0875.JPG,True,False,5,5
MR0784.json,MR0784,MR0785.JPG,True,False,5,5
MR0785.json,MR0785,MR0786.JPG,True,False,5,5
MR0786.json,MR0786,MR0787.JPG,True,False,5,5
MR0787.json,MR0787,MR0788.JPG,True,False,6,6
MR0788.json,MR0788,MR0789.JPG,True,False,6,6
MR0789.json,MR0789,MR0790.JPG,True,False,6,6
MR0790.json,MR0790,MR0791.JPG,True,False,5,5
MR0791.json,MR0791,MR0792.JPG,True,False,5,5
MR0792.json,MR0792,MR0793.JPG,True,False,5,5
MR0793.json,MR0793,MR0794.JPG,True,False,5,5
MR0794.json,MR0794,MR0795.JPG,True,False,3,3
MR0795.json,MR0795,MR0796.JPG,True,False,8,8
MR0796.json,MR0796,MR0797.JPG,True,False,6,6
MR0797.json,MR0797,MR0798.JPG,True,False,9,9
MR0798.json,MR0798,MR0799.JPG,True,False,8,8
MR0799.json,MR0799,MR0800.JPG,True,False,5,5
MR0800.json,MR0800,MR0801.JPG,True,False,5,5
MR0801.json,MR0801,MR0802.JPG,True,False,7,7
MR0802.json,MR0802,MR0803.JPG,True,False,7,7
MR0803.json,MR0803,MR0804.JPG,True,False,7,7
MR0804.json,MR0804,MR0805.JPG,True,False,10,10
MR0805.json,MR0805,MR0806.JPG,True,False,8,8
MR0806.json,MR0806,MR0807.JPG,True,False,6,6
MR0807.json,MR0807,MR0808.JPG,True,False,8,8
MR0808.json,MR0808,MR0809.JPG,True,False,6,6
MR0809.json,MR0809,MR0810.JPG,True,False,5,5
MR0810.json,MR0810,MR0811.JPG,True,False,7,7
MR0783.json,MR0783,MR0784.JPG,True,False,5,5
MR0811.json,MR0811,MR0812.JPG,True,False,7,7
MR0782.json,MR0782,MR0783.JPG,True,False,5,5
MR0780.json,MR0780,MR0781.JPG,True,False,5,5
MR0751.json,MR0751,MR0752.JPG,True,False,4,4
MR0752.json,MR0752,MR0753.JPG,True,False,6,6
MR0753.json,MR0753,MR0754.JPG,True,False,5,5
MR0754.json,MR0754,MR0755.JPG,True,False,5,5
MR0755.json,MR0755,MR0756.JPG,True,False,4,4
MR0756.json,MR0756,MR0757.JPG,True,False,7,7
MR0757.json,MR0757,MR0758.JPG,True,False,5,5
MR0758.json,MR0758,MR0759.JPG,True,False,5,5
MR0759.json,MR0759,MR0760.JPG,True,False,7,7
MR0760.json,MR0760,MR0761.JPG,True,False,5,5
MR0761.json,MR0761,MR0762.JPG,True,False,6,6
MR0762.json,MR0762,MR0763.JPG,True,False,6,6
MR0763.json,MR0763,MR0764.JPG,True,False,6,6
MR0764.json,MR0764,MR0765.JPG,True,False,5,5
MR0765.json,MR0765,MR0766.JPG,True,False,6,6
MR0766.json,MR0766,MR0767.JPG,True,False,6,6
MR0767.json,MR0767,MR0768.JPG,True,False,8,8
MR0768.json,MR0768,MR0769.JPG,True,False,7,7
MR0771.json,MR0771,MR0772.JPG,True,False,8,8
MR0772.json,MR0772,MR0773.JPG,True,False,6,6
MR0773.json,MR0773,MR0774.JPG,True,False,6,6
MR0774.json,MR0774,MR0775.JPG,True,False,7,7
MR0775.json,MR0775,MR0776.JPG,True,False,7,7
MR0776.json,MR0776,MR0777.JPG,True,False,8,8
MR0777.json,MR0777,MR0778.JPG,True,False,6,6
MR0778.json,MR0778,MR0779.JPG,True,False,6,6
MR0779.json,MR0779,MR0780.JPG,True,False,6,6
MR0781.json,MR0781,MR0782.JPG,True,False,5,5
MR0812.json,MR0812,MR0813.JPG,True,False,5,5
MR0813.json,MR0813,MR0814.JPG,True,False,4,4
MR0814.json,MR0814,MR0815.JPG,True,False,1,1
MR0847.json,MR0847,MR0848.JPG,True,False,5,5
MR0848.json,MR0848,MR0849.JPG,True,False,10,10
MR0849.json,MR0849,MR0850.JPG,True,False,5,5
MR0850.json,MR0850,MR0851.JPG,True,False,8,8
MR0851.json,MR0851,MR0852.JPG,True,False,6,6
MR0852.json,MR0852,MR0853.JPG,True,False,6,6
MR0853.json,MR0853,MR0854.JPG,True,False,5,5
MR0854.json,MR0854,MR0855.JPG,True,False,7,7
MR0855.json,MR0855,MR0856.JPG,True,False,7,7
MR0856.json,MR0856,MR0857.JPG,True,False,7,7
MR0857.json,MR0857,MR0858.JPG,True,False,6,6
MR0858.json,MR0858,MR0859.JPG,True,False,5,5
MR0859.json,MR0859,MR0860.JPG,True,False,4,4
MR0860.json,MR0860,MR0861.JPG,True,False,5,5
MR0861.json,MR0861,MR0862.JPG,True,False,6,6
MR0862.json,MR0862,MR0863.JPG,True,False,5,5
MR0863.json,MR0863,MR0864.JPG,True,False,6,6
MR0864.json,MR0864,MR0865.JPG,True,False,8,8
MR0865.json,MR0865,MR0866.JPG,True,False,6,6
MR0866.json,MR0866,MR0867.JPG,True,False,4,4
MR0867.json,MR0867,MR0868.JPG,True,False,7,7
MR0868.json,MR0868,MR0869.JPG,True,False,5,5
MR0869.json,MR0869,MR0870.JPG,True,False,4,4
MR0870.json,MR0870,MR0871.JPG,True,False,6,6
MR0871.json,MR0871,MR0872.JPG,True,False,8,8
MR0872.json,MR0872,MR0873.JPG,True,False,5,5
MR0873.json,MR0873,MR0874.JPG,True,False,7,7
MR0846.json,MR0846,MR0847.JPG,True,False,7,7
MR0845.json,MR0845,MR0846.JPG,True,False,6,6
MR0844.json,MR0844,MR0845.JPG,True,False,5,5
MR0843.json,MR0843,MR0844.JPG,True,False,5,5
MR0815.json,MR0815,MR0816.JPG,True,False,2,2
MR0816.json,MR0816,MR0817.JPG,True,False,2,2
MR0817.json,MR0817,MR0818.JPG,True,False,4,4
MR0818.json,MR0818,MR0819.JPG,True,False,1,1
MR0819.json,MR0819,MR0820.JPG,True,False,1,1
MR0820.json,MR0820,MR0821.JPG,True,False,4,4
MR0821.json,MR0821,MR0822.JPG,True,False,6,6
MR0822.json,MR0822,MR0823.JPG,True,False,8,8
MR0823.json,MR0823,MR0824.JPG,True,False,8,8
MR0824.json,MR0824,MR0825.JPG,True,False,5,5
MR0825.json,MR0825,MR0826.JPG,True,False,5,5
MR0826.json,MR0826,MR0827.JPG,True,False,7,7
MR0827.json,MR0827,MR0828.JPG,True,False,5,5
MR0875.json,MR0875,MR0876.JPG,True,False,5,5
MR0828.json,MR0828,MR0829.JPG,True,False,6,6
MR0830.json,MR0830,MR0831.JPG,True,False,6,6
MR0831.json,MR0831,MR0832.JPG,True,False,5,5
MR0832.json,MR0832,MR0833.JPG,True,False,5,5
MR0833.json,MR0833,MR0834.JPG,True,False,4,4
MR0834.json,MR0834,MR0835.JPG,True,False,5,5
MR0835.json,MR0835,MR0836.JPG,True,False,8,8
MR0836.json,MR0836,MR0837.JPG,True,False,8,8
MR0837.json,MR0837,MR0838.JPG,True,False,6,6
MR0838.json,MR0838,MR0839.JPG,True,False,6,6
MR0839.json,MR0839,MR0840.JPG,True,False,6,6
MR0840.json,MR0840,MR0841.JPG,True,False,7,7
MR0841.json,MR0841,MR0842.JPG,True,False,5,5
MR0842.json,MR0842,MR0843.JPG,True,False,4,4
MR0829.json,MR0829,MR0830.JPG,True,False,5,5
MR0999.json,MR0999,MR1000.JPG,True,False,5,5
MR0499.json,MR0499,MR0500.JPG,True,False,5,5
MR0497.json,MR0497,MR0498.JPG,True,False,4,4
MR0158.json,MR0158,MR0158.JPG,True,False,3,3
MR0159.json,MR0159,MR0159.JPG,True,False,4,4
MR0160.json,MR0160,MR0160.JPG,True,False,4,4
MR0161.json,MR0161,MR0161.JPG,True,False,4,4
MR0162.json,MR0162,MR0162.JPG,True,False,4,4
MR0163.json,MR0163,MR0163.JPG,True,False,2,2
MR0164.json,MR0164,MR0164.JPG,True,False,4,4
MR0165.json,MR0165,MR0165.JPG,True,False,3,3
MR0166.json,MR0166,MR0166.JPG,True,False,3,3
MR0167.json,MR0167,MR0167.JPG,True,False,6,6
MR0168.json,MR0168,MR0168.JPG,True,False,5,5
MR0169.json,MR0169,MR0169.JPG,True,False,4,4
MR0170.json,MR0170,MR0170.JPG,True,False,5,5
MR0171.json,MR0171,MR0171.JPG,True,False,4,4
MR0172.json,MR0172,MR0172.JPG,True,False,5,5
MR0173.json,MR0173,MR0173.JPG,True,False,4,4
MR0174.json,MR0174,MR0174.JPG,True,False,6,6
MR0175.json,MR0175,MR0175.JPG,True,False,5,5
MR0176.json,MR0176,MR0176.JPG,True,False,5,5
MR0177.json,MR0177,MR0177.JPG,True,False,5,5
MR0178.json,MR0178,MR0178.JPG,True,False,5,5
MR0179.json,MR0179,MR0179.JPG,True,False,5,5
MR0180.json,MR0180,MR0180.JPG,True,False,4,4
MR0181.json,MR0181,MR0181.JPG,True,False,6,6
MR0182.json,MR0182,MR0182.JPG,True,False,4,4
MR0183.json,MR0183,MR0183.JPG,True,False,6,6
MR0184.json,MR0184,MR0184.JPG,True,False,5,5
MR0157.json,MR0157,MR0157.JPG,True,False,3,3
MR0185.json,MR0185,MR0185.JPG,True,False,5,5
MR0156.json,MR0156,MR0156.JPG,True,False,2,2
MR0154.json,MR0154,MR0154.JPG,True,False,3,3
MR0127.json,MR0127,MR0127.JPG,True,False,4,4
MR0128.json,MR0128,MR0128.JPG,True,False,4,4
MR0129.json,MR0129,MR0129.JPG,True,False,5,5
MR0130.json,MR0130,MR0130.JPG,True,False,6,6
MR0131.json,MR0131,MR0131.JPG,True,False,3,3
MR0132.json,MR0132,MR0132.JPG,True,False,3,3
MR0133.json,MR0133,MR0133.JPG,True,False,6,6
MR0134.json,MR0134,MR0134.JPG,True,False,4,4
MR0135.json,MR0135,MR0135.JPG,True,False,4,4
MR0136.json,MR0136,MR0136.JPG,True,False,4,4
MR0137.json,MR0137,MR0137.JPG,True,False,5,5
MR0138.json,MR0138,MR0138.JPG,True,False,3,3
MR0139.json,MR0139,MR0139.JPG,True,False,1,1
MR0140.json,MR0140,MR0140.JPG,True,False,4,4
MR0141.json,MR0141,MR0141.JPG,True,False,5,5
MR0142.json,MR0142,MR0142.JPG,True,False,5,5
MR0143.json,MR0143,MR0143.JPG,True,False,3,3
MR0144.json,MR0144,MR0144.JPG,True,False,2,2
MR0145.json,MR0145,MR0145.JPG,True,False,2,2
MR0146.json,MR0146,MR0146.JPG,True,False,2,2
MR0147.json,MR0147,MR0147.JPG,True,False,2,2
MR0148.json,MR0148,MR0148.JPG,True,False,3,3
MR0149.json,MR0149,MR0149.JPG,True,False,3,3
MR0150.json,MR0150,MR0150.JPG,True,False,2,2
MR0151.json,MR0151,MR0151.JPG,True,False,2,2
MR0152.json,MR0152,MR0152.JPG,True,False,2,2
MR0153.json,MR0153,MR0153.JPG,True,False,2,2
MR0155.json,MR0155,MR0155.JPG,True,False,3,3
MR0126.json,MR0126,MR0126.JPG,True,False,5,5
MR0186.json,MR0186,MR0186.JPG,True,False,4,4
MR0188.json,MR0188,MR0188.JPG,True,False,5,5
MR0220.json,MR0220,MR0220.JPG,True,False,5,5
MR0221.json,MR0221,MR0221.JPG,True,False,6,6
MR0222.json,MR0222,MR0222.JPG,True,False,6,6
MR0223.json,MR0223,MR0223.JPG,True,False,6,6
MR0224.json,MR0224,MR0224.JPG,True,False,7,7
MR0225.json,MR0225,MR0225.JPG,True,False,5,5
MR0226.json,MR0226,MR0226.JPG,True,False,6,6
MR0227.json,MR0227,MR0227.JPG,True,False,6,6
MR0228.json,MR0228,MR0228.JPG,True,False,5,5
MR0229.json,MR0229,MR0229.JPG,True,False,5,5
MR0230.json,MR0230,MR0230.JPG,True,False,6,6
MR0231.json,MR0231,MR0231.JPG,True,False,4,4
MR0232.json,MR0232,MR0232.JPG,True,False,6,6
MR0233.json,MR0233,MR0233.JPG,True,False,4,4
MR0234.json,MR0234,MR0234.JPG,True,False,4,4
MR0235.json,MR0235,MR0235.JPG,True,False,5,5
MR0236.json,MR0236,MR0236.JPG,True,False,6,6
MR0237.json,MR0237,MR0237.JPG,True,False,5,5
MR0238.json,MR0238,MR0238.JPG,True,False,5,5
MR0239.json,MR0239,MR0239.JPG,True,False,4,4
MR0240.json,MR0240,MR0240.JPG,True,False,6,6
MR0241.json,MR0241,MR0241.JPG,True,False,6,6
MR0242.json,MR0242,MR0242.JPG,True,False,5,5
MR0243.json,MR0243,MR0243.JPG,True,False,6,6
MR0244.json,MR0244,MR0244.JPG,True,False,2,2
MR0245.json,MR0245,MR0245.JPG,True,False,4,4
MR0246.json,MR0246,MR0246.JPG,True,False,4,4
MR0219.json,MR0219,MR0219.JPG,True,False,4,4
MR0187.json,MR0187,MR0187.JPG,True,False,5,5
MR0218.json,MR0218,MR0218.JPG,True,False,5,5
MR0216.json,MR0216,MR0216.JPG,True,False,8,8
MR0189.json,MR0189,MR0189.JPG,True,False,4,4
MR0190.json,MR0190,MR0190.JPG,True,False,8,8
MR0191.json,MR0191,MR0191.JPG,True,False,6,6
MR0192.json,MR0192,MR0192.JPG,True,False,7,7
MR0193.json,MR0193,MR0193.JPG,True,False,5,5
MR0194.json,MR0194,MR0194.JPG,True,False,4,4
MR0195.json,MR0195,MR0195.JPG,True,False,4,4
MR0196.json,MR0196,MR0196.JPG,True,False,7,7
MR0197.json,MR0197,MR0197.JPG,True,False,3,3
MR0198.json,MR0198,MR0198.JPG,True,False,4,4
MR0199.json,MR0199,MR0199.JPG,True,False,5,5
MR0200.json,MR0200,MR0200.JPG,True,False,6,6
MR0201.json,MR0201,MR0201.JPG,True,False,3,3
MR0202.json,MR0202,MR0202.JPG,True,False,4,4
MR0203.json,MR0203,MR0203.JPG,True,False,5,5
MR0204.json,MR0204,MR0204.JPG,True,False,5,5
MR0205.json,MR0205,MR0205.JPG,True,False,4,4
MR0206.json,MR0206,MR0206.JPG,True,False,4,4
MR0207.json,MR0207,MR0207.JPG,True,False,5,5
MR0208.json,MR0208,MR0208.JPG,True,False,3,3
MR0209.json,MR0209,MR0209.JPG,True,False,4,4
MR0210.json,MR0210,MR0210.JPG,True,False,4,4
MR0211.json,MR0211,MR0211.JPG,True,False,6,6
MR0212.json,MR0212,MR0212.JPG,True,False,6,6
MR0213.json,MR0213,MR0213.JPG,True,False,5,5
MR0214.json,MR0214,MR0214.JPG,True,False,8,8
MR0215.json,MR0215,MR0215.JPG,True,False,4,4
MR0217.json,MR0217,MR0217.JPG,True,False,6,6
MR0125.json,MR0125,MR0125.JPG,True,False,4,4
MR0124.json,MR0124,MR0124.JPG,True,False,6,6
MR0123.json,MR0123,MR0123.JPG,True,False,3,3
MR0033.json,MR0033,MR0033.JPG,True,False,8,8
MR0034.json,MR0034,MR0034.JPG,True,False,8,8
MR0035.json,MR0035,MR0035.JPG,True,False,6,6
MR0036.json,MR0036,MR0036.JPG,True,False,8,8
MR0037.json,MR0037,MR0037.JPG,True,False,5,5
MR0038.json,MR0038,MR0038.JPG,True,False,9,9
MR0039.json,MR0039,MR0039.JPG,True,False,13,13
MR0040.json,MR0040,MR0040.JPG,True,False,11,11
MR0041.json,MR0041,MR0041.JPG,True,False,4,4
MR0042.json,MR0042,MR0042.JPG,True,False,6,6
MR0043.json,MR0043,MR0043.JPG,True,False,6,6
MR0044.json,MR0044,MR0044.JPG,True,False,7,7
MR0045.json,MR0045,MR0045.JPG,True,False,9,9
MR0046.json,MR0046,MR0046.JPG,True,False,8,8
MR0047.json,MR0047,MR0047.JPG,True,False,11,11
MR0048.json,MR0048,MR0048.JPG,True,False,7,7
MR0049.json,MR0049,MR0049.JPG,True,False,7,7
MR0050.json,MR0050,MR0050.JPG,True,False,7,7
MR0051.json,MR0051,MR0051.JPG,True,False,6,6
MR0052.json,MR0052,MR0052.JPG,True,False,8,8
MR0053.json,MR0053,MR0053.JPG,True,False,9,9
MR0054.json,MR0054,MR0054.JPG,True,False,9,9
MR0055.json,MR0055,MR0055.JPG,True,False,8,8
MR0056.json,MR0056,MR0056.JPG,True,False,8,8
MR0057.json,MR0057,MR0057.JPG,True,False,8,8
MR0058.json,MR0058,MR0058.JPG,True,False,8,8
MR0059.json,MR0059,MR0059.JPG,True,False,7,7
MR0032.json,MR0032,MR0032.JPG,True,False,7,7
MR0060.json,MR0060,MR0060.JPG,True,False,8,8
MR0031.json,MR0031,MR0031.JPG,True,False,9,9
MR0029.json,MR0029,MR0029.JPG,True,False,5,5
MR0002.json,MR0002,MR0002.JPG,True,False,3,3
MR0003.json,MR0003,MR0003.JPG,True,False,3,3
MR0004.json,MR0004,MR0004.JPG,True,False,5,5
MR0005.json,MR0005,MR0005.JPG,True,False,4,4
MR0006.json,MR0006,MR0006.JPG,True,False,6,6
MR0007.json,MR0007,MR0007.JPG,True,False,15,15
MR0008.json,MR0008,MR0008.JPG,True,False,9,9
MR0009.json,MR0009,MR0009.JPG,True,False,12,12
MR0010.json,MR0010,MR0010.JPG,True,False,9,9
MR0011.json,MR0011,MR0011.JPG,True,False,5,5
MR0012.json,MR0012,MR0012.JPG,True,False,8,8
MR0013.json,MR0013,MR0013.JPG,True,False,5,5
MR0014.json,MR0014,MR0014.JPG,True,False,6,6
MR0015.json,MR0015,MR0015.JPG,True,False,5,5
MR0016.json,MR0016,MR0016.JPG,True,False,5,5
MR0017.json,MR0017,MR0017.JPG,True,False,4,4
MR0018.json,MR0018,MR0018.JPG,True,False,4,4
MR0019.json,MR0019,MR0019.JPG,True,False,6,6
MR0020.json,MR0020,MR0020.JPG,True,False,4,4
MR0021.json,MR0021,MR0021.JPG,True,False,4,4
MR0022.json,MR0022,MR0022.JPG,True,False,6,6
MR0023.json,MR0023,MR0023.JPG,True,False,5,5
MR0024.json,MR0024,MR0024.JPG,True,False,5,5
MR0025.json,MR0025,MR0025.JPG,True,False,5,5
MR0026.json,MR0026,MR0026.JPG,True,False,4,4
MR0027.json,MR0027,MR0027.JPG,True,False,5,5
MR0028.json,MR0028,MR0028.JPG,True,False,5,5
MR0030.json,MR0030,MR0030.JPG,True,False,9,9
MR0061.json,MR0061,MR0061.JPG,True,False,8,8
MR0062.json,MR0062,MR0062.JPG,True,False,10,10
MR0063.json,MR0063,MR0063.JPG,True,False,7,7
MR0096.json,MR0096,MR0096.JPG,True,False,10,10
MR0097.json,MR0097,MR0097.JPG,True,False,10,10
MR0098.json,MR0098,MR0098.JPG,True,False,9,9
MR0099.json,MR0099,MR0099.JPG,True,False,9,9
MR0100.json,MR0100,MR0100.JPG,True,False,9,9
MR0101.json,MR0101,MR0101.JPG,True,False,3,3
MR0102.json,MR0102,MR0102.JPG,True,False,3,3
MR0103.json,MR0103,MR0103.JPG,True,False,3,3
MR0104.json,MR0104,MR0104.JPG,True,False,4,4
MR0105.json,MR0105,MR0105.JPG,True,False,4,4
MR0106.json,MR0106,MR0106.JPG,True,False,5,5
MR0107.json,MR0107,MR0107.JPG,True,False,4,4
MR0108.json,MR0108,MR0108.JPG,True,False,3,3
MR0109.json,MR0109,MR0109.JPG,True,False,3,3
MR0110.json,MR0110,MR0110.JPG,True,False,5,5
MR0111.json,MR0111,MR0111.JPG,True,False,2,2
MR0112.json,MR0112,MR0112.JPG,True,False,2,2
MR0113.json,MR0113,MR0113.JPG,True,False,4,4
MR0114.json,MR0114,MR0114.JPG,True,False,2,2
MR0115.json,MR0115,MR0115.JPG,True,False,4,4
MR0116.json,MR0116,MR0116.JPG,True,False,4,4
MR0117.json,MR0117,MR0117.JPG,True,False,5,5
MR0118.json,MR0118,MR0118.JPG,True,False,4,4
MR0119.json,MR0119,MR0119.JPG,True,False,3,3
MR0120.json,MR0120,MR0120.JPG,True,False,3,3
MR0121.json,MR0121,MR0121.JPG,True,False,4,4
MR0122.json,MR0122,MR0122.JPG,True,False,3,3
MR0095.json,MR0095,MR0095.JPG,True,False,8,8
MR0094.json,MR0094,MR0094.JPG,True,False,9,9
MR0093.json,MR0093,MR0093.JPG,True,False,9,9
MR0092.json,MR0092,MR0092.JPG,True,False,6,6
MR0064.json,MR0064,MR0064.JPG,True,False,7,7
MR0065.json,MR0065,MR0065.JPG,True,False,8,8
MR0066.json,MR0066,MR0066.JPG,True,False,7,7
MR0067.json,MR0067,MR0067.JPG,True,False,9,9
MR0068.json,MR0068,MR0068.JPG,True,False,8,8
MR0069.json,MR0069,MR0069.JPG,False,False,6,6
MR0070.json,MR0070,MR0070.JPG,True,False,6,6
MR0071.json,MR0071,MR0071.JPG,True,False,7,7
MR0072.json,MR0072,MR0072.JPG,True,False,9,9
MR0073.json,MR0073,MR0073.JPG,True,False,8,8
MR0074.json,MR0074,MR0074.JPG,True,False,7,7
MR0075.json,MR0075,MR0075.JPG,True,False,6,6
MR0076.json,MR0076,MR0076.JPG,True,False,9,9
MR0247.json,MR0247,MR0247.JPG,True,False,5,5
MR0077.json,MR0077,MR0077.JPG,True,False,9,9
MR0079.json,MR0079,MR0079.JPG,True,False,8,8
MR0080.json,MR0080,MR0080.JPG,True,False,8,8
MR0081.json,MR0081,MR0081.JPG,True,False,6,6
MR0082.json,MR0082,MR0082.JPG,True,False,7,7
MR0083.json,MR0083,MR0083.JPG,True,False,6,6
MR0084.json,MR0084,MR0084.JPG,True,False,6,6
MR0085.json,MR0085,MR0085.JPG,True,False,7,7
MR0086.json,MR0086,MR0086.JPG,True,False,7,7
MR0087.json,MR0087,MR0087.JPG,True,False,8,8
MR0088.json,MR0088,MR0088.JPG,True,False,9,9
MR0089.json,MR0089,MR0089.JPG,True,False,8,8
MR0090.json,MR0090,MR0090.JPG,True,False,7,7
MR0091.json,MR0091,MR0091.JPG,True,False,7,7
MR0078.json,MR0078,MR0078.JPG,True,False,9,9
MR0498.json,MR0498,MR0499.JPG,True,False,4,4
MR0248.json,MR0248,MR0248.JPG,True,False,5,5
MR0250.json,MR0250,MR0250.JPG,True,False,4,4
MR0407.json,MR0407,MR0407.JPG,True,False,4,4
MR0408.json,MR0408,MR0408.JPG,True,False,6,6
MR0409.json,MR0409,MR0409.JPG,True,False,4,4
MR0410.json,MR0410,MR0410.JPG,True,False,5,5
MR0411.json,MR0411,MR0411.JPG,True,False,5,5
MR0412.json,MR0412,MR0412.JPG,True,False,1,1
MR0413.json,MR0413,MR0413.JPG,True,False,5,5
MR0414.json,MR0414,MR0414.JPG,True,False,3,3
MR0415.json,MR0415,MR0415.JPG,True,False,3,3
MR0416.json,MR0416,MR0416.JPG,True,False,5,5
MR0417.json,MR0417,MR0417.JPG,True,False,6,6
MR0418.json,MR0418,MR0418.JPG,True,False,7,7
MR0419.json,MR0419,MR0420.JPG,True,False,4,4
MR0420.json,MR0420,MR0421.JPG,True,False,6,6
MR0421.json,MR0421,MR0422.JPG,True,False,7,7
MR0422.json,MR0422,MR0423.JPG,True,False,5,5
MR0423.json,MR0423,MR0424.JPG,True,False,5,5
MR0424.json,MR0424,MR0425.JPG,True,False,4,4
MR0425.json,MR0425,MR0426.JPG,True,False,6,6
MR0426.json,MR0426,MR0427.JPG,True,False,5,5
MR0427.json,MR0427,MR0428.JPG,True,False,5,5
MR0428.json,MR0428,MR0429.JPG,True,False,4,4
MR0429.json,MR0429,MR0430.JPG,True,False,4,4
MR0430.json,MR0430,MR0431.JPG,True,False,4,4
MR0431.json,MR0431,MR0432.JPG,True,False,4,4
MR0432.json,MR0432,MR0433.JPG,True,False,3,3
MR0433.json,MR0433,MR0434.JPG,True,False,1,1
MR0406.json,MR0406,MR0406.JPG,True,False,4,4
MR0434.json,MR0434,MR0435.JPG,True,False,2,2
MR0405.json,MR0405,MR0405.JPG,True,False,5,5
MR0403.json,MR0403,MR0403.JPG,True,False,6,6
MR0376.json,MR0376,MR0376.JPG,True,False,4,4
MR0377.json,MR0377,MR0377.JPG,True,False,6,6
MR0378.json,MR0378,MR0378.JPG,True,False,4,4
MR0379.json,MR0379,MR0379.JPG,True,False,4,4
MR0380.json,MR0380,MR0380.JPG,True,False,4,4
MR0381.json,MR0381,MR0381.JPG,True,False,4,4
MR0382.json,MR0382,MR0382.JPG,True,False,5,5
MR0383.json,MR0383,MR0383.JPG,True,False,4,4
MR0384.json,MR0384,MR0384.JPG,True,False,3,3
MR0385.json,MR0385,MR0385.JPG,True,False,4,4
MR0386.json,MR0386,MR0386.JPG,True,False,4,4
MR0387.json,MR0387,MR0387.JPG,True,False,5,5
MR0388.json,MR0388,MR0388.JPG,True,False,6,6
MR0389.json,MR0389,MR0389.JPG,True,False,4,4
MR0390.json,MR0390,MR0390.JPG,True,False,3,3
MR0391.json,MR0391,MR0391.JPG,True,False,2,2
MR0392.json,MR0392,MR0392.JPG,True,False,4,4
MR0393.json,MR0393,MR0393.JPG,True,False,4,4
MR0394.json,MR0394,MR0394.JPG,True,False,5,5
MR0395.json,MR0395,MR0395.JPG,True,False,6,6
MR0396.json,MR0396,MR0396.JPG,True,False,6,6
MR0397.json,MR0397,MR0397.JPG,True,False,5,5
MR0398.json,MR0398,MR0398.JPG,True,False,6,6
MR0399.json,MR0399,MR0399.JPG,True,False,6,6
MR0400.json,MR0400,MR0400.JPG,True,False,5,5
MR0401.json,MR0401,MR0401.JPG,True,False,5,5
MR0402.json,MR0402,MR0402.JPG,True,False,7,7
MR0404.json,MR0404,MR0404.JPG,True,False,5,5
MR0435.json,MR0435,MR0436.JPG,True,False,4,4
MR0436.json,MR0436,MR0437.JPG,True,False,2,2
MR0437.json,MR0437,MR0438.JPG,True,False,3,3
MR0470.json,MR0470,MR0471.JPG,True,False,8,8
MR0471.json,MR0471,MR0472.JPG,True,False,5,5
MR0472.json,MR0472,MR0473.JPG,True,False,8,8
MR0473.json,MR0473,MR0474.JPG,True,False,7,7
MR0474.json,MR0474,MR0475.JPG,True,False,9,9
MR0475.json,MR0475,MR0476.JPG,True,False,8,8
MR0476.json,MR0476,MR0477.JPG,True,False,6,6
MR0477.json,MR0477,MR0478.JPG,True,False,6,6
MR0478.json,MR0478,MR0479.JPG,True,False,4,4
MR0479.json,MR0479,MR0480.JPG,True,False,7,7
MR0480.json,MR0480,MR0481.JPG,True,False,4,4
MR0481.json,MR0481,MR0482.JPG,True,False,4,4
MR0482.json,MR0482,MR0483.JPG,True,False,6,6
MR0483.json,MR0483,MR0484.JPG,True,False,5,5
MR0484.json,MR0484,MR0485.JPG,True,False,6,6
MR0485.json,MR0485,MR0486.JPG,True,False,5,5
MR0486.json,MR0486,MR0487.JPG,True,False,6,6
MR0487.json,MR0487,MR0488.JPG,True,False,5,5
MR0488.json,MR0488,MR0489.JPG,True,False,4,4
MR0489.json,MR0489,MR0490.JPG,True,False,5,5
MR0490.json,MR0490,MR0491.JPG,True,False,5,5
MR0491.json,MR0491,MR0492.JPG,True,False,6,6
MR0492.json,MR0492,MR0493.JPG,True,False,3,3
MR0493.json,MR0493,MR0494.JPG,True,False,5,5
MR0494.json,MR0494,MR0495.JPG,True,False,5,5
MR0495.json,MR0495,MR0496.JPG,True,False,4,4
MR0496.json,MR0496,MR0497.JPG,True,False,3,3
MR0469.json,MR0469,MR0470.JPG,True,False,6,6
MR0468.json,MR0468,MR0469.JPG,True,False,4,4
MR0467.json,MR0467,MR0468.JPG,True,False,5,5
MR0466.json,MR0466,MR0467.JPG,True,False,5,5
MR0438.json,MR0438,MR0439.JPG,True,False,4,4
MR0439.json,MR0439,MR0440.JPG,True,False,4,4
MR0440.json,MR0440,MR0441.JPG,True,False,4,4
MR0441.json,MR0441,MR0442.JPG,True,False,8,8
MR0442.json,MR0442,MR0443.JPG,True,False,6,6
MR0443.json,MR0443,MR0444.JPG,True,False,4,4
MR0444.json,MR0444,MR0445.JPG,True,False,3,3
MR0445.json,MR0445,MR0446.JPG,True,False,5,5
MR0446.json,MR0446,MR0447.JPG,True,False,6,6
MR0447.json,MR0447,MR0448.JPG,True,False,6,6
MR0448.json,MR0448,MR0449.JPG,True,False,5,5
MR0449.json,MR0449,MR0450.JPG,True,False,5,5
MR0450.json,MR0450,MR0451.JPG,True,False,5,5
MR0375.json,MR0375,MR0375.JPG,True,False,3,3
MR0451.json,MR0451,MR0452.JPG,True,False,5,5
MR0453.json,MR0453,MR0454.JPG,True,False,6,6
MR0454.json,MR0454,MR0455.JPG,True,False,4,4
MR0455.json,MR0455,MR0456.JPG,True,False,5,5
MR0456.json,MR0456,MR0457.JPG,True,False,5,5
MR0457.json,MR0457,MR0458.JPG,True,False,5,5
MR0458.json,MR0458,MR0459.JPG,True,False,5,5
MR0459.json,MR0459,MR0460.JPG,True,False,5,5
MR0460.json,MR0460,MR0461.JPG,True,False,7,7
MR0461.json,MR0461,MR0462.JPG,True,False,5,5
MR0462.json,MR0462,MR0463.JPG,True,False,5,5
MR0463.json,MR0463,MR0464.JPG,True,False,4,4
MR0464.json,MR0464,MR0465.JPG,True,False,6,6
MR0465.json,MR0465,MR0466.JPG,True,False,4,4
MR0452.json,MR0452,MR0453.JPG,True,False,5,5
MR0374.json,MR0374,MR0374.JPG,True,False,5,5
MR0373.json,MR0373,MR0373.JPG,True,False,1,1
MR0372.json,MR0372,MR0372.JPG,True,False,7,7
MR0283.json,MR0283,MR0283.JPG,True,False,6,6
MR0284.json,MR0284,MR0284.JPG,True,False,5,5
MR0285.json,MR0285,MR0285.JPG,True,False,9,9
MR0286.json,MR0286,MR0286.JPG,True,False,5,5
MR0287.json,MR0287,MR0287.JPG,True,False,8,8
MR0288.json,MR0288,MR0288.JPG,True,False,5,5
MR0289.json,MR0289,MR0289.JPG,True,False,7,7
MR0290.json,MR0290,MR0290.JPG,True,False,6,6
MR0291.json,MR0291,MR0291.JPG,True,False,4,4
MR0292.json,MR0292,MR0292.JPG,True,False,7,7
MR0293.json,MR0293,MR0293.JPG,True,False,8,8
MR0294.json,MR0294,MR0294.JPG,True,False,7,7
MR0295.json,MR0295,MR0295.JPG,True,False,4,4
MR0296.json,MR0296,MR0296.JPG,False,False,3,3
MR0297.json,MR0297,MR0297.JPG,True,False,4,4
MR0298.json,MR0298,MR0298.JPG,True,False,4,4
MR0299.json,MR0299,MR0299.JPG,True,False,4,4
MR0300.json,MR0300,MR0300.JPG,True,False,4,4
MR0301.json,MR0301,MR0301.JPG,True,False,4,4
MR0302.json,MR0302,MR0302.JPG,True,False,5,5
MR0303.json,MR0303,MR0303.JPG,True,False,4,4
MR0304.json,MR0304,MR0304.JPG,True,False,5,5
MR0305.json,MR0305,MR0305.JPG,True,False,6,6
MR0306.json,MR0306,MR0306.JPG,True,False,6,6
MR0307.json,MR0307,MR0307.JPG,True,False,8,8
MR0308.json,MR0308,MR0308.JPG,True,False,5,5
MR0309.json,MR0309,MR0309.JPG,True,False,5,5
MR0282.json,MR0282,MR0282.JPG,True,False,9,9
MR0281.json,MR0281,MR0281.JPG,True,False,4,4
MR0280.json,MR0280,MR0280.JPG,True,False,4,4
MR0279.json,MR0279,MR0279.JPG,True,False,7,7
MR0251.json,MR0251,MR0251.JPG,True,False,5,5
MR0252.json,MR0252,MR0252.JPG,True,False,4,4
MR0253.json,MR0253,MR0253.JPG,True,False,5,5
MR0254.json,MR0254,MR0254.JPG,True,False,8,8
MR0255.json,MR0255,MR0255.JPG,True,False,5,5
MR0256.json,MR0256,MR0256.JPG,True,False,3,3
MR0257.json,MR0257,MR0257.JPG,True,False,5,5
MR0258.json,MR0258,MR0258.JPG,True,False,4,4
MR0259.json,MR0259,MR0259.JPG,True,False,7,7
MR0260.json,MR0260,MR0260.JPG,True,False,7,7
MR0261.json,MR0261,MR0261.JPG,True,False,5,5
MR0262.json,MR0262,MR0262.JPG,True,False,5,5
MR0263.json,MR0263,MR0263.JPG,True,False,5,5
MR0310.json,MR0310,MR0310.JPG,True,False,5,5
MR0264.json,MR0264,MR0264.JPG,True,False,6,6
MR0266.json,MR0266,MR0266.JPG,True,False,4,4
MR0267.json,MR0267,MR0267.JPG,True,False,4,4
MR0268.json,MR0268,MR0268.JPG,True,False,5,5
MR0269.json,MR0269,MR0269.JPG,True,False,4,4
MR0270.json,MR0270,MR0270.JPG,True,False,5,5
MR0271.json,MR0271,MR0271.JPG,True,False,6,6
MR0272.json,MR0272,MR0272.JPG,True,False,5,5
MR0273.json,MR0273,MR0273.JPG,True,False,5,5
MR0274.json,MR0274,MR0274.JPG,True,False,6,6
MR0275.json,MR0275,MR0275.JPG,True,False,6,6
MR0276.json,MR0276,MR0276.JPG,True,False,3,3
MR0277.json,MR0277,MR0277.JPG,True,False,6,6
MR0278.json,MR0278,MR0278.JPG,True,False,6,6
MR0265.json,MR0265,MR0265.JPG,True,False,8,8
MR0249.json,MR0249,MR0249.JPG,True,False,5,5
MR0311.json,MR0311,MR0311.JPG,True,False,5,5
MR0313.json,MR0313,MR0313.JPG,True,False,9,9
MR0345.json,MR0345,MR0345.JPG,True,False,5,5
MR0346.json,MR0346,MR0346.JPG,True,False,3,3
MR0347.json,MR0347,MR0347.JPG,True,False,4,4
MR0348.json,MR0348,MR0348.JPG,True,False,5,5
MR0349.json,MR0349,MR0349.JPG,True,False,5,5
MR0350.json,MR0350,MR0350.JPG,True,False,5,5
MR0351.json,MR0351,MR0351.JPG,True,False,6,6
MR0352.json,MR0352,MR0352.JPG,True,False,5,5
MR0353.json,MR0353,MR0353.JPG,True,False,6,6
MR0354.json,MR0354,MR0354.JPG,True,False,4,4
MR0355.json,MR0355,MR0355.JPG,True,False,4,4
MR0356.json,MR0356,MR0356.JPG,True,False,4,4
MR0357.json,MR0357,MR0357.JPG,True,False,3,3
MR0358.json,MR0358,MR0358.JPG,True,False,4,4
MR0359.json,MR0359,MR0359.JPG,True,False,4,4
MR0360.json,MR0360,MR0360.JPG,True,False,4,4
MR0361.json,MR0361,MR0361.JPG,True,False,4,4
MR0362.json,MR0362,MR0362.JPG,True,False,4,4
MR0363.json,MR0363,MR0363.JPG,True,False,4,4
MR0364.json,MR0364,MR0364.JPG,True,False,2,2
MR0365.json,MR0365,MR0365.JPG,True,False,4,4
MR0366.json,MR0366,MR0366.JPG,True,False,4,4
MR0367.json,MR0367,MR0367.JPG,True,False,2,2
MR0368.json,MR0368,MR0368.JPG,True,False,3,3
MR0369.json,MR0369,MR0369.JPG,True,False,3,3
MR0370.json,MR0370,MR0370.JPG,True,False,4,4
MR0371.json,MR0371,MR0371.JPG,True,False,4,4
MR0344.json,MR0344,MR0344.JPG,True,False,6,6
MR0343.json,MR0343,MR0343.JPG,True,False,7,7
MR0342.json,MR0342,MR0342.JPG,True,False,5,5
MR0341.json,MR0341,MR0341.JPG,True,False,6,6
MR0314.json,MR0314,MR0314.JPG,True,False,6,6
MR0315.json,MR0315,MR0315.JPG,True,False,4,4
MR0316.json,MR0316,MR0316.JPG,True,False,7,7
MR0317.json,MR0317,MR0317.JPG,True,False,3,3
MR0318.json,MR0318,MR0318.JPG,True,False,4,4
MR0319.json,MR0319,MR0319.JPG,True,False,8,8
MR0320.json,MR0320,MR0320.JPG,True,False,4,4
MR0321.json,MR0321,MR0321.JPG,True,False,4,4
MR0322.json,MR0322,MR0322.JPG,True,False,2,2
MR0323.json,MR0323,MR0323.JPG,True,False,3,3
MR0324.json,MR0324,MR0324.JPG,True,False,3,3
MR0325.json,MR0325,MR0325.JPG,True,False,3,3
MR0312.json,MR0312,MR0312.JPG,True,False,5,5
MR0326.json,MR0326,MR0326.JPG,True,False,3,3
MR0328.json,MR0328,MR0328.JPG,True,False,7,7
MR0329.json,MR0329,MR0329.JPG,True,False,6,6
MR0330.json,MR0330,MR0330.JPG,True,False,4,4
MR0331.json,MR0331,MR0331.JPG,True,False,3,3
MR0332.json,MR0332,MR0332.JPG,True,False,3,3
MR0333.json,MR0333,MR0333.JPG,True,False,5,5
MR0334.json,MR0334,MR0334.JPG,True,False,3,3
MR0335.json,MR0335,MR0335.JPG,True,False,4,4
MR0336.json,MR0336,MR0336.JPG,True,False,3,3
MR0337.json,MR0337,MR0337.JPG,True,False,5,5
MR0338.json,MR0338,MR0338.JPG,True,False,5,5
MR0339.json,MR0339,MR0339.JPG,True,False,4,4
MR0340.json,MR0340,MR0340.JPG,True,False,6,6
MR0327.json,MR0327,MR0327.JPG,True,False,3,3
MR1000.json,MR1000,MR1000.JPG,True,False,9,9
