sample_id,label,fold,n_red_polygons,out_of_range_vertices,mask_area,area_ratio,bbox_x0,bbox_y0,bbox_x1,bbox_y1,bbox_width,bbox_height,bbox_max_side,upsample_factor,context_box_width,context_box_height
MR0001,3,4,8,0,20363,0.1380954318576389,63,68,325,299,262,231,262,1.465648854961832,368,325
MR0657,3,5,8,0,17831,0.12092420789930555,96,21,336,357,240,336,336,1.1428571428571428,336,384
MR0658,2,1,4,0,18898,0.12816026475694445,68,35,323,357,255,322,322,1.1925465838509317,357,384
MR0659,1,3,6,0,31357,0.2126532660590278,79,29,336,357,257,328,328,1.170731707317073,357,384
MR0660,4,1,8,0,22313,0.15131971571180555,48,20,319,366,271,346,346,1.1098265895953756,374,384
MR0661,3,1,8,0,21688,0.14708116319444445,54,21,334,362,280,341,341,1.1260997067448681,384,384
MR0662,2,3,7,0,16443,0.11151123046875,69,20,315,354,246,334,334,1.1497005988023952,346,384
MR0663,3,5,6,0,22519,0.1527167426215278,66,12,310,367,244,355,355,1.0816901408450703,342,384
MR0664,4,3,7,0,19881,0.13482666015625,65,50,319,358,254,308,308,1.2467532467532467,356,384
MR0665,3,3,7,0,20965,0.1421780056423611,99,31,336,358,237,327,327,1.1743119266055047,333,384
MR0666,4,1,5,0,19915,0.13505723741319445,48,40,274,364,226,324,324,1.1851851851851851,318,384
MR0667,4,1,7,0,20127,0.13649495442708334,56,46,316,362,260,316,316,1.2151898734177216,364,384
MR0668,3,4,6,0,21792,0.14778645833333334,97,45,336,359,239,314,314,1.2229299363057324,335,384
MR0669,3,1,8,0,17308,0.11737738715277778,48,50,257,362,209,312,312,1.2307692307692308,293,384
MR0670,3,4,7,0,20430,0.1385498046875,56,45,316,362,260,317,317,1.2113564668769716,364,384
MR0671,3,4,6,0,21057,0.14280192057291666,87,35,315,363,228,328,328,1.170731707317073,320,384
MR0672,3,4,6,0,16906,0.1146511501736111,49,49,261,363,212,314,314,1.2229299363057324,298,384
MR0673,3,1,6,0,20117,0.13642713758680555,70,51,324,358,254,307,307,1.250814332247557,356,384
MR0674,4,4,7,0,27412,0.18589952256944445,91,51,336,350,245,299,299,1.2842809364548495,342,384
MR0675,4,3,5,0,26535,0.17995198567708334,48,48,295,334,247,286,286,1.3426573426573427,345,384
MR0676,4,4,6,0,11687,0.0792575412326389,91,56,316,359,225,303,303,1.2673267326732673,315,384
MR0677,2,4,7,0,14583,0.09889729817708333,136,31,336,356,200,325,325,1.1815384615384616,280,384
MR0678,3,5,7,0,20747,0.14069959852430555,48,27,290,356,242,329,329,1.1671732522796352,339,384
MR0679,3,5,6,0,13905,0.09429931640625,87,23,312,361,225,338,338,1.136094674556213,315,384
MR0680,2,4,6,0,15783,0.10703531901041667,129,38,336,357,207,319,319,1.2037617554858935,291,384
MR0681,3,4,5,0,18163,0.12317572699652778,48,29,290,357,242,328,328,1.170731707317073,339,384
MR0682,2,3,6,0,27308,0.18519422743055555,62,76,334,361,272,285,285,1.3473684210526315,377,365
MR0683,4,2,5,0,29292,0.19864908854166666,101,77,336,363,235,286,286,1.3426573426573427,329,365
MR0656,2,5,6,0,20042,0.1359185112847222,72,27,302,369,230,342,342,1.1228070175438596,322,384
MR0684,4,4,7,0,22263,0.15098063151041666,48,72,267,363,219,291,291,1.3195876288659794,307,371
MR0655,4,4,5,0,15763,0.1068996853298611,59,10,330,359,271,349,349,1.1002865329512894,380,384
MR0653,2,2,6,0,23779,0.1612616644965278,91,18,312,359,221,341,341,1.1260997067448681,311,384
MR0626,2,1,5,0,28522,0.1934271918402778,85,32,336,362,251,330,330,1.1636363636363636,350,384
MR0627,4,3,6,0,26326,0.1785346137152778,48,28,284,359,236,331,331,1.1601208459214503,332,384
MR0628,4,5,6,0,18562,0.1258816189236111,76,51,330,363,254,312,312,1.2307692307692308,356,384
MR0629,0,4,4,0,28370,0.19239637586805555,99,35,336,365,237,330,330,1.1636363636363636,333,384
MR0630,4,2,6,0,26738,0.1813286675347222,53,35,307,358,254,323,323,1.1888544891640866,356,384
MR0631,4,3,5,0,16841,0.11421034071180555,83,58,323,359,240,301,301,1.2757475083056478,336,384
MR0632,0,5,4,0,31366,0.2127143012152778,82,57,336,360,254,303,303,1.2673267326732673,353,384
MR0633,2,2,6,0,26880,0.18229166666666666,60,55,314,356,254,301,301,1.2757475083056478,356,384
MR0634,2,1,4,0,21550,0.1461452907986111,78,55,318,361,240,306,306,1.2549019607843137,336,384
MR0635,1,4,4,0,33052,0.2241482204861111,78,39,336,365,258,326,326,1.177914110429448,358,384
MR0636,4,4,6,0,26940,0.18269856770833334,55,32,305,365,250,333,333,1.1531531531531531,350,384
MR0637,4,4,6,0,25881,0.17551676432291666,57,30,320,358,263,328,328,1.170731707317073,369,384
MR0638,4,3,9,0,29341,0.1989813910590278,87,23,336,356,249,333,333,1.1531531531531531,347,384
MR0639,4,3,8,0,28533,0.19350179036458334,48,22,299,365,251,343,343,1.119533527696793,350,384
MR0640,4,2,7,0,31333,0.2124905056423611,53,35,320,363,267,328,328,1.170731707317073,374,384
MR0641,4,1,6,0,24107,0.1634860568576389,88,33,334,365,246,332,332,1.1566265060240963,346,384
MR0642,4,5,6,0,29193,0.19797770182291666,48,21,300,367,252,346,346,1.1098265895953756,351,384
MR0643,3,1,8,0,24685,0.16740587022569445,69,37,312,365,243,328,328,1.170731707317073,341,384
MR0644,3,1,5,0,25672,0.1740993923611111,88,33,332,367,244,334,334,1.1497005988023952,342,384
MR0645,3,2,8,0,20150,0.1366509331597222,48,44,295,362,247,318,318,1.2075471698113207,345,384
MR0646,3,4,7,0,23142,0.15694173177083334,57,74,336,364,279,290,290,1.3241379310344827,383,368
MR0647,4,1,5,0,24846,0.16849772135416666,89,113,336,364,247,251,251,1.5298804780876494,345,322
MR0648,4,5,5,0,26647,0.18071153428819445,48,110,295,367,247,257,257,1.4941634241245136,345,326
MR0649,4,3,7,0,23880,0.16194661458333334,54,23,322,362,268,339,339,1.1327433628318584,376,384
MR0650,1,1,5,0,23341,0.1582912868923611,79,19,336,357,257,338,338,1.136094674556213,357,384
MR0651,1,4,8,0,22070,0.14967176649305555,48,23,323,366,275,343,343,1.119533527696793,378,384
MR0652,3,5,6,0,25066,0.1699896918402778,61,19,325,365,264,346,346,1.1098265895953756,370,384
MR0654,2,1,7,0,25730,0.1744927300347222,48,20,307,366,259,346,346,1.1098265895953756,359,384
MR0685,3,5,4,0,27103,0.1838039822048611,65,75,330,365,265,290,290,1.3241379310344827,371,367
MR0686,3,3,5,0,30668,0.2079806857638889,90,77,336,364,246,287,287,1.3379790940766552,344,365
MR0687,4,1,5,0,23785,0.16130235460069445,48,74,287,359,239,285,285,1.3473684210526315,335,367
MR0720,1,4,5,0,23511,0.15944417317708334,74,30,336,353,262,323,323,1.1888544891640866,363,384
MR0721,1,1,5,0,15702,0.10648600260416667,62,156,327,354,265,198,265,1.4490566037735848,371,268
MR0722,1,3,5,0,20412,0.138427734375,75,9,336,343,261,334,334,1.1497005988023952,362,384
MR0723,2,5,5,0,19503,0.13226318359375,48,162,321,348,273,186,273,1.4065934065934067,376,260
MR0724,1,1,5,0,9024,0.061197916666666664,73,174,319,356,246,182,246,1.5609756097560976,346,247
MR0725,0,3,6,0,29787,0.20200602213541666,89,11,335,366,246,355,355,1.0816901408450703,345,384
MR0726,4,3,7,0,16575,0.11240641276041667,66,23,281,362,215,339,339,1.1327433628318584,301,384
MR0727,4,1,5,0,11708,0.07939995659722222,65,35,323,365,258,330,330,1.1636363636363636,362,384
MR0728,0,5,10,0,17398,0.11798773871527778,92,22,336,367,244,345,345,1.1130434782608696,341,384
MR0729,2,5,8,0,14090,0.0955539279513889,72,26,281,360,209,334,334,1.1497005988023952,293,384
MR0730,2,5,7,0,11530,0.07819281684027778,67,12,330,359,263,347,347,1.106628242074928,369,384
MR0731,1,1,8,0,16609,0.1126369900173611,103,10,336,361,233,351,351,1.0940170940170941,327,384
MR0732,3,2,8,0,9207,0.06243896484375,74,13,275,356,201,343,343,1.119533527696793,283,384
MR0733,2,1,8,0,14723,0.09984673394097222,62,75,327,350,265,275,275,1.3963636363636365,371,364
MR0734,2,3,10,0,21256,0.14415147569444445,91,23,336,359,245,336,336,1.1428571428571428,342,384
MR0735,3,2,7,0,18260,0.12383355034722222,48,52,291,350,243,298,298,1.2885906040268456,340,384
MR0736,3,4,9,0,17053,0.11564805772569445,54,37,325,354,271,317,317,1.2113564668769716,380,384
MR0737,2,2,8,0,18989,0.1287773980034722,88,28,336,351,248,323,323,1.1888544891640866,346,384
MR0738,3,3,5,0,22000,0.1491970486111111,48,36,295,347,247,311,311,1.234726688102894,345,384
MR0739,3,5,5,0,14800,0.1003689236111111,55,153,326,343,271,190,271,1.4169741697416973,381,266
MR0740,2,4,6,0,17977,0.1219143337673611,106,48,336,337,230,289,289,1.328719723183391,322,384
MR0741,2,5,5,0,25429,0.1724514431423611,48,34,295,342,247,308,308,1.2467532467532467,345,384
MR0742,3,3,6,0,20355,0.13804117838541666,61,50,322,356,261,306,306,1.2549019607843137,367,384
MR0743,2,1,6,0,18972,0.128662109375,98,54,336,351,238,297,297,1.292929292929293,334,384
MR0744,3,2,6,0,22277,0.15107557508680555,48,38,283,358,235,320,320,1.2,329,384
MR0745,3,3,8,0,19272,0.13069661458333334,59,39,323,358,264,319,319,1.2037617554858935,370,384
MR0746,3,5,5,0,23477,0.1592135959201389,82,46,320,352,238,306,306,1.2549019607843137,334,384
MR0719,0,5,5,0,20820,0.14119466145833334,49,14,313,348,264,334,334,1.1497005988023952,366,384
MR0718,1,4,5,0,16591,0.1125149197048611,65,168,331,349,266,181,266,1.443609022556391,373,253
MR0717,2,2,6,0,16612,0.11265733506944445,68,12,327,341,259,329,329,1.1671732522796352,363,384
MR0716,2,1,6,0,21347,0.1447686089409722,96,8,336,345,240,337,337,1.13946587537092,336,384
MR0688,4,3,4,0,25465,0.1726955837673611,64,78,332,362,268,284,284,1.352112676056338,374,363
MR0689,2,1,4,0,31802,0.2156711154513889,102,60,336,363,234,303,303,1.2673267326732673,328,384
MR0690,4,4,6,0,24870,0.16866048177083334,50,83,281,357,231,274,274,1.4014598540145986,325,356
MR0691,3,1,5,0,25587,0.17352294921875,57,87,308,364,251,277,277,1.3862815884476534,353,353
MR0692,2,5,7,0,31142,0.21119520399305555,93,76,335,370,242,294,294,1.3061224489795917,340,367
MR0693,4,4,8,0,23849,0.1617363823784722,48,73,271,359,223,286,286,1.3426573426573427,313,369
MR0694,3,1,4,0,25535,0.17317030164930555,66,75,328,363,262,288,288,1.3333333333333333,368,367
MR0695,2,3,5,0,25925,0.1758151584201389,48,74,286,363,238,289,289,1.328719723183391,334,368
MR0696,3,5,7,0,24357,0.16518147786458334,105,86,336,364,231,278,278,1.381294964028777,325,354
MR0697,4,3,4,0,26463,0.17946370442708334,69,73,327,367,258,294,294,1.3061224489795917,362,370
MR0698,2,3,6,0,25140,0.17049153645833334,100,87,336,370,236,283,283,1.3568904593639577,332,354
MR0699,3,2,4,0,26511,0.17978922526041666,48,76,293,370,245,294,294,1.3061224489795917,342,367
MR0700,3,5,5,0,26177,0.1775241427951389,64,76,320,365,256,289,289,1.328719723183391,360,366
MR0625,3,2,9,0,26484,0.17960611979166666,53,24,327,362,274,338,338,1.136094674556213,382,384
MR0701,2,2,7,0,22748,0.1542697482638889,48,78,283,364,235,286,286,1.3426573426573427,329,364
MR0703,4,5,5,0,24664,0.1672634548611111,68,78,335,363,267,285,285,1.3473684210526315,370,363
MR0704,3,3,4,0,24009,0.16282145182291666,127,91,336,364,209,273,273,1.4065934065934067,293,348
MR0705,4,3,6,0,22437,0.15216064453125,53,84,275,363,222,279,279,1.3763440860215055,312,356
MR0706,3,5,6,0,20984,0.1423068576388889,63,51,322,358,259,307,307,1.250814332247557,363,384
MR0707,2,1,4,0,21544,0.14610460069444445,48,47,278,320,230,273,273,1.4065934065934067,322,375
MR0708,3,1,6,0,20465,0.1387871636284722,100,58,336,357,236,299,299,1.2842809364548495,332,384
MR0709,4,4,4,0,24456,0.16585286458333334,67,22,326,324,259,302,302,1.271523178807947,363,384
MR0710,2,5,7,0,24801,0.16819254557291666,48,28,279,360,231,332,332,1.1566265060240963,325,384
MR0711,3,2,6,0,25939,0.1759101019965278,99,26,336,356,237,330,330,1.1636363636363636,333,384
MR0712,4,1,9,0,26988,0.18302408854166666,58,15,327,363,269,348,348,1.103448275862069,377,384
MR0713,2,4,7,0,26413,0.17912462022569445,90,33,336,364,246,331,331,1.1601208459214503,344,384
MR0714,3,3,6,0,23044,0.1562771267361111,48,13,294,361,246,348,348,1.103448275862069,344,384
MR0715,4,5,6,0,22972,0.1557888454861111,48,7,294,347,246,340,340,1.1294117647058823,344,384
MR0702,3,3,6,0,23255,0.1577080620659722,102,86,336,364,234,278,278,1.381294964028777,328,354
MR0747,3,2,6,0,20673,0.14019775390625,48,25,285,348,237,323,323,1.1888544891640866,333,384
MR0624,3,5,8,0,21194,0.1437310112847222,48,6,307,362,259,356,356,1.0786516853932584,359,384
MR0622,4,4,8,0,26443,0.1793280707465278,63,19,329,363,266,344,344,1.1162790697674418,374,384
MR0532,4,1,5,0,27936,0.189453125,54,30,330,362,276,332,332,1.1566265060240963,384,384
MR0533,2,5,4,0,34799,0.2359958224826389,85,30,336,355,251,325,325,1.1815384615384616,350,384
MR0534,4,5,4,0,28315,0.1920233832465278,48,49,291,362,243,313,313,1.2268370607028753,340,384
MR0535,4,4,8,0,22897,0.1552802191840278,75,42,307,354,232,312,312,1.2307692307692308,326,384
MR0536,4,1,8,0,24020,0.1628960503472222,126,39,336,353,210,314,314,1.2229299363057324,294,384
MR0537,4,2,7,0,21190,0.1437038845486111,48,46,256,351,208,305,305,1.259016393442623,292,384
MR0538,4,2,6,0,27956,0.18958875868055555,76,54,323,360,247,306,306,1.2549019607843137,347,384
MR0539,4,3,5,0,28793,0.19526502821180555,94,53,336,356,242,303,303,1.2673267326732673,339,384
MR0540,4,3,6,0,18480,0.12532552083333334,48,100,262,353,214,253,253,1.517786561264822,300,335
MR0541,3,1,5,0,13076,0.08867730034722222,58,81,326,359,268,278,278,1.381294964028777,376,359
MR0542,3,2,7,0,15411,0.10451253255208333,89,80,336,359,247,279,279,1.3763440860215055,345,360
MR0543,3,5,7,0,16234,0.11009385850694445,48,86,288,360,240,274,274,1.4014598540145986,336,353
MR0544,3,1,6,0,16352,0.11089409722222222,59,74,327,359,268,285,285,1.3473684210526315,376,367
MR0545,3,2,8,0,17188,0.11656358506944445,96,77,336,353,240,276,276,1.391304347826087,336,363
MR0546,3,1,9,0,15865,0.10759141710069445,48,76,274,360,226,284,284,1.352112676056338,318,365
MR0547,3,2,7,0,13700,0.09290907118055555,64,67,331,356,267,289,289,1.328719723183391,374,375
MR0548,2,1,7,0,14679,0.09954833984375,100,73,336,351,236,278,278,1.381294964028777,332,367
MR0549,3,5,4,0,9825,0.06663004557291667,65,185,267,345,202,160,202,1.900990099009901,284,224
MR0550,3,2,13,0,31425,0.21311442057291666,56,39,324,362,268,323,323,1.1888544891640866,376,384
MR0551,4,5,7,0,26815,0.1818508572048611,79,71,336,359,257,288,288,1.3333333333333333,357,371
MR0552,4,1,8,0,24510,0.16621907552083334,48,55,296,353,248,298,298,1.2885906040268456,346,384
MR0553,3,1,8,0,29351,0.19904920789930555,50,55,326,361,276,306,306,1.2549019607843137,382,384
MR0554,4,3,6,0,27042,0.18339029947916666,80,69,336,364,256,295,295,1.3016949152542372,356,374
MR0555,3,2,8,0,23389,0.15861680772569445,48,86,294,352,246,266,266,1.443609022556391,344,352
MR0556,3,2,6,0,7257,0.049214680989583336,63,176,298,360,235,184,235,1.6340425531914893,329,245
MR0557,2,1,8,0,14358,0.09737141927083333,91,141,336,363,245,222,245,1.5673469387755101,342,288
MR0558,3,4,4,0,13149,0.08917236328125,75,151,277,350,202,199,202,1.900990099009901,284,273
MR0531,4,3,5,0,32186,0.21827528211805555,48,32,289,364,241,332,332,1.1566265060240963,338,384
MR0559,3,2,5,0,16834,0.1141628689236111,68,161,312,361,244,200,244,1.5737704918032787,342,263
MR0530,4,2,5,0,31154,0.2112765842013889,89,25,336,354,247,329,329,1.1671732522796352,345,384
MR0528,3,4,5,0,25486,0.17283799913194445,48,37,292,329,244,292,292,1.3150684931506849,341,384
MR0501,1,1,4,0,17364,0.11775716145833333,85,135,336,359,251,224,251,1.5298804780876494,350,294
MR0502,2,1,4,0,13148,0.08916558159722222,50,167,330,360,280,193,280,1.3714285714285714,384,256
MR0503,3,1,5,0,17731,0.12024603949652778,81,135,336,360,255,225,255,1.5058823529411764,354,294
MR0504,3,4,4,0,16354,0.11090766059027778,48,157,294,356,246,199,246,1.5609756097560976,344,267
MR0505,1,5,3,0,11807,0.08007134331597222,52,160,327,360,275,200,275,1.3963636363636365,382,264
MR0506,1,2,4,0,16110,0.1092529296875,85,146,336,361,251,215,251,1.5298804780876494,350,281
MR0507,2,2,4,0,15598,0.10578070746527778,48,166,297,358,249,192,249,1.5421686746987953,347,257
MR0508,2,3,4,0,11425,0.0774807400173611,52,167,329,360,277,193,277,1.3862815884476534,384,256
MR0509,1,1,5,0,15755,0.1068454318576389,84,137,336,359,252,222,252,1.5238095238095237,351,292
MR0510,2,4,4,0,13419,0.09100341796875,48,166,287,355,239,189,239,1.606694560669456,335,256
MR0511,2,4,3,0,19217,0.13032362196180555,54,57,324,349,270,292,292,1.3150684931506849,378,384
MR0512,3,5,5,0,19172,0.13001844618055555,103,53,336,356,233,303,303,1.2673267326732673,327,384
MR0513,3,5,5,0,25596,0.173583984375,48,64,299,368,251,304,304,1.263157894736842,350,381
MR0514,4,1,5,0,20019,0.13576253255208334,59,60,331,363,272,303,303,1.2673267326732673,380,384
MR0515,3,4,6,0,21588,0.14640299479166666,48,62,308,359,260,297,297,1.292929292929293,360,382
MR0516,3,2,5,0,20044,0.1359320746527778,108,51,316,356,208,305,305,1.259016393442623,292,384
MR0517,3,4,5,0,6475,0.04391140407986111,67,208,300,356,233,148,233,1.648068669527897,327,206
MR0518,2,1,4,0,5890,0.03994411892361111,158,201,336,346,178,145,178,2.157303370786517,250,203
MR0519,1,1,5,0,4619,0.03132459852430555,48,202,232,346,184,144,184,2.0869565217391304,258,202
MR0520,1,1,5,0,4992,0.033854166666666664,80,197,320,353,240,156,240,1.6,336,219
MR0521,1,1,3,0,4293,0.02911376953125,144,206,315,349,171,143,171,2.245614035087719,241,201
MR0522,1,4,3,0,6040,0.040961371527777776,77,186,276,349,199,163,199,1.92964824120603,279,229
MR0523,1,3,5,0,4842,0.0328369140625,77,210,302,352,225,142,225,1.7066666666666668,315,200
MR0524,1,5,2,0,2011,0.013637966579861112,228,214,294,353,66,139,139,2.762589928057554,94,195
MR0525,1,5,4,0,3907,0.026496039496527776,69,198,214,348,145,150,150,2.56,203,210
MR0526,1,2,5,0,25175,0.17072889539930555,52,46,322,321,270,275,275,1.3963636363636365,376,376
MR0527,3,3,5,0,28489,0.1932033962673611,92,37,336,353,244,316,316,1.2151898734177216,341,384
MR0529,4,5,5,0,32355,0.21942138671875,50,26,325,363,275,337,337,1.13946587537092,380,384
MR0560,3,2,5,0,25083,0.17010498046875,107,43,325,362,218,319,319,1.2037617554858935,306,384
MR0561,4,2,5,0,18698,0.1268039279513889,68,46,271,352,203,306,306,1.2549019607843137,285,384
MR0562,4,4,7,0,15553,0.10547553168402778,76,57,308,368,232,311,311,1.234726688102894,326,384
MR0595,3,1,6,0,18498,0.12544759114583334,67,48,324,362,257,314,314,1.2229299363057324,361,384
MR0596,1,5,5,0,17759,0.12043592664930555,95,53,336,361,241,308,308,1.2467532467532467,338,384
MR0597,0,1,6,0,18770,0.1272922092013889,48,51,293,358,245,307,307,1.250814332247557,342,384
MR0598,0,1,7,0,18123,0.12290445963541667,72,42,318,362,246,320,320,1.2,346,384
MR0599,0,3,5,0,17988,0.12198893229166667,107,45,336,359,229,314,314,1.2229299363057324,321,384
MR0600,1,1,5,0,11847,0.08034261067708333,78,62,256,366,178,304,304,1.263157894736842,250,383
MR0601,1,3,4,0,13528,0.09174262152777778,68,194,313,359,245,165,245,1.5673469387755101,343,223
MR0602,1,5,5,0,15483,0.10500081380208333,122,64,336,358,214,294,294,1.3061224489795917,300,379
MR0603,1,5,4,0,12681,0.08599853515625,63,64,250,357,187,293,293,1.310580204778157,263,379
MR0604,1,3,6,0,17484,0.11857096354166667,57,46,321,361,264,315,315,1.2190476190476192,370,384
MR0605,2,4,6,0,17502,0.11869303385416667,90,46,336,359,246,313,313,1.2268370607028753,344,384
MR0606,1,2,5,0,18131,0.1229587131076389,49,49,280,358,231,309,309,1.2427184466019416,325,384
MR0607,1,3,6,0,14729,0.0998874240451389,65,47,319,363,254,316,316,1.2151898734177216,356,384
MR0608,1,4,5,0,12949,0.08781602647569445,111,46,336,357,225,311,311,1.234726688102894,315,384
MR0609,1,2,7,0,16509,0.11195882161458333,48,39,284,362,236,323,323,1.1888544891640866,332,384
MR0610,2,3,7,0,16147,0.10950385199652778,54,60,320,361,266,301,301,1.2757475083056478,374,384
MR0611,2,2,7,0,12820,0.0869411892361111,77,50,335,357,258,307,307,1.250814332247557,359,384
MR0612,2,2,7,0,16526,0.11207411024305555,48,52,318,358,270,306,306,1.2549019607843137,372,384
MR0613,1,4,7,0,18982,0.1287299262152778,65,49,332,361,267,312,312,1.2307692307692308,373,384
MR0614,1,5,6,0,18936,0.12841796875,95,31,334,360,239,329,329,1.1671732522796352,335,384
MR0615,1,4,6,0,21867,0.14829508463541666,48,37,294,357,246,320,320,1.2,344,384
MR0616,1,2,8,0,25953,0.17600504557291666,62,37,327,364,265,327,327,1.1743119266055047,371,384
MR0617,3,4,6,0,23071,0.1564602322048611,93,25,335,360,242,335,335,1.146268656716418,340,384
MR0618,4,3,10,0,23115,0.15675862630208334,48,28,293,364,245,336,336,1.1428571428571428,342,384
MR0619,4,3,5,0,27004,0.1831325954861111,63,23,331,363,268,340,340,1.1294117647058823,375,384
MR0620,4,1,6,0,24341,0.1650729709201389,101,9,336,363,235,354,354,1.0847457627118644,329,384
MR0621,4,4,6,0,24665,0.1672702365451389,48,13,283,361,235,348,348,1.103448275862069,329,384
MR0594,3,3,8,0,21800,0.14784071180555555,91,54,336,367,245,313,313,1.2268370607028753,342,384
MR0593,3,1,9,0,19195,0.13017442491319445,48,33,294,362,246,329,329,1.1671732522796352,344,384
MR0592,3,2,7,0,20744,0.1406792534722222,64,48,317,364,253,316,316,1.2151898734177216,355,384
MR0591,2,3,8,0,18271,0.12390814887152778,48,55,270,357,222,302,302,1.271523178807947,312,384
MR0563,3,3,7,0,15867,0.10760498046875,89,109,335,361,246,252,252,1.5238095238095237,345,326
MR0564,3,4,6,0,12422,0.08424207899305555,49,138,278,354,229,216,229,1.6768558951965065,321,290
MR0565,3,1,7,0,18497,0.12544080946180555,72,35,312,359,240,324,324,1.1851851851851851,336,384
MR0566,3,5,8,0,18252,0.123779296875,94,43,336,365,242,322,322,1.1925465838509317,339,384
MR0567,3,1,8,0,16903,0.11463080512152778,61,55,276,348,215,293,293,1.310580204778157,301,384
MR0568,4,2,5,0,16196,0.1098361545138889,76,167,319,359,243,192,243,1.5802469135802468,341,256
MR0569,3,1,5,0,12523,0.0849270290798611,152,167,336,352,184,185,185,2.075675675675676,258,254
MR0570,3,5,7,0,11767,0.0798000759548611,48,64,255,356,207,292,292,1.3150684931506849,291,379
MR0571,3,3,7,0,16428,0.11140950520833333,77,60,323,356,246,296,296,1.2972972972972974,346,384
MR0572,3,4,9,0,21920,0.1486545138888889,115,43,330,351,215,308,308,1.2467532467532467,301,384
MR0573,4,5,7,0,18422,0.12493218315972222,48,46,285,300,237,254,254,1.5118110236220472,333,351
MR0574,2,1,9,0,14932,0.10126410590277778,74,58,305,359,231,301,301,1.2757475083056478,325,384
MR0575,3,5,9,0,16145,0.10949028862847222,86,94,336,353,250,259,259,1.4826254826254825,348,342
MR0623,4,4,7,0,27120,0.18391927083333334,88,25,336,364,248,339,339,1.1327433628318584,346,384
MR0576,2,3,7,0,14537,0.09858534071180555,48,65,276,352,228,287,287,1.3379790940766552,320,377
MR0578,2,2,6,0,16043,0.1087985568576389,107,53,336,358,229,305,305,1.259016393442623,321,384
MR0579,3,3,8,0,14550,0.09867350260416667,61,74,274,353,213,279,279,1.3763440860215055,299,366
MR0580,3,2,9,0,23010,0.15604654947916666,62,35,318,363,256,328,328,1.170731707317073,360,384
MR0581,2,4,7,0,22775,0.1544528537326389,99,59,336,360,237,301,301,1.2757475083056478,333,384
MR0582,3,3,9,0,26642,0.18067762586805555,48,20,282,358,234,338,338,1.136094674556213,328,384
MR0583,3,2,7,0,18481,0.1253323025173611,68,51,318,364,250,313,313,1.2268370607028753,350,384
MR0584,2,2,8,0,18411,0.12485758463541667,48,24,267,357,219,333,333,1.1531531531531531,307,384
MR0585,3,5,5,0,18314,0.12419976128472222,99,53,336,363,237,310,310,1.238709677419355,333,384
MR0586,3,1,9,0,17696,0.12000868055555555,79,48,324,361,245,313,313,1.2268370607028753,343,384
MR0587,2,1,5,0,18409,0.1248440212673611,102,46,336,359,234,313,313,1.2268370607028753,328,384
MR0588,2,1,7,0,22636,0.1535101996527778,48,45,284,366,236,321,321,1.1962616822429906,332,384
MR0589,3,2,5,0,18002,0.12208387586805555,74,56,321,361,247,305,305,1.259016393442623,347,384
MR0590,2,2,5,0,19351,0.1312323676215278,118,33,336,362,218,329,329,1.1671732522796352,306,384
MR0577,2,3,6,0,13096,0.08881293402777778,67,45,310,363,243,318,318,1.2075471698113207,341,384
MR0500,0,4,4,0,15180,0.10294596354166667,48,167,295,361,247,194,247,1.5546558704453441,345,256
MR0748,3,4,8,0,17528,0.1188693576388889,57,79,321,363,264,284,284,1.352112676056338,370,362
MR0750,4,2,5,0,20330,0.1378716362847222,48,80,288,361,240,281,281,1.3665480427046264,336,361
MR0909,4,2,7,0,21330,0.1446533203125,100,24,336,358,236,334,334,1.1497005988023952,332,384
MR0910,4,1,10,0,22750,0.15428331163194445,48,31,288,360,240,329,329,1.1671732522796352,336,384
MR0911,4,1,9,0,14542,0.09861924913194445,60,31,317,363,257,332,332,1.1566265060240963,361,384
MR0912,4,4,7,0,18328,0.1242947048611111,110,23,336,354,226,331,331,1.1601208459214503,318,384
MR0913,4,1,7,0,13690,0.09284125434027778,48,67,263,364,215,297,297,1.292929292929293,301,377
MR0914,3,2,7,0,14242,0.0965847439236111,62,80,324,361,262,281,281,1.3665480427046264,368,361
MR0915,4,5,7,0,9777,0.06630452473958333,139,95,336,359,197,264,264,1.4545454545454546,277,342
MR0916,3,3,4,0,13871,0.09406873914930555,48,181,274,363,226,182,226,1.6991150442477876,318,240
MR0917,3,5,10,0,19446,0.13187662760416666,55,105,323,362,268,257,268,1.4328358208955223,376,331
MR0918,4,4,6,0,19596,0.13289388020833334,82,58,333,359,251,301,301,1.2757475083056478,353,384
MR0919,3,2,6,0,18179,0.12328423394097222,48,98,297,363,249,265,265,1.4490566037735848,347,339
MR0920,4,5,8,0,16531,0.11210801866319445,62,134,323,361,261,227,261,1.471264367816092,367,296
MR0921,4,4,5,0,24678,0.1673583984375,74,124,332,367,258,243,258,1.4883720930232558,362,309
MR0922,4,2,8,0,19278,0.1307373046875,48,94,309,361,261,267,267,1.4382022471910112,362,344
MR0923,4,2,7,0,19265,0.1306491427951389,50,97,322,360,272,263,272,1.411764705882353,377,340
MR0924,4,2,4,0,21398,0.1451144748263889,64,141,326,363,262,222,262,1.465648854961832,368,288
MR0925,4,2,6,0,19189,0.1301337348090278,48,115,311,357,263,242,263,1.4600760456273765,364,318
MR0926,4,1,9,0,26715,0.18117268880208334,60,38,333,364,273,326,326,1.177914110429448,379,384
MR0927,4,4,5,0,19916,0.1350640190972222,48,53,282,335,234,282,282,1.3617021276595744,328,384
MR0928,4,5,5,0,20490,0.13895670572916666,96,90,336,356,240,266,266,1.443609022556391,336,348
MR0929,4,3,7,0,21999,0.14919026692708334,57,60,329,326,272,266,272,1.411764705882353,382,374
MR0930,2,5,7,0,20825,0.1412285698784722,100,66,336,335,236,269,269,1.4275092936802973,332,372
MR0931,3,4,5,0,25983,0.17620849609375,48,7,288,350,240,343,343,1.119533527696793,336,384
MR0932,4,1,7,0,23188,0.1572536892361111,61,42,327,361,266,319,319,1.2037617554858935,374,384
MR0933,4,2,8,0,23411,0.15876600477430555,104,29,336,354,232,325,325,1.1815384615384616,326,384
MR0934,4,5,7,0,20208,0.13704427083333334,48,43,282,348,234,305,305,1.259016393442623,328,384
MR0935,4,2,6,0,10188,0.069091796875,62,155,323,357,261,202,261,1.471264367816092,367,270
MR0908,4,3,11,0,23596,0.16002061631944445,58,25,327,361,269,336,336,1.1428571428571428,377,384
MR0936,2,3,9,0,16796,0.11390516493055555,128,91,336,359,208,268,268,1.4328358208955223,292,347
MR0907,3,2,7,0,17577,0.11920166015625,48,48,281,354,233,306,306,1.2549019607843137,327,384
MR0905,2,3,9,0,17552,0.11903211805555555,58,48,321,359,263,311,311,1.234726688102894,369,384
MR0878,4,1,5,0,9634,0.0653347439236111,61,167,323,345,262,178,262,1.465648854961832,368,250
MR0879,1,4,7,0,14794,0.10032823350694445,63,98,336,347,273,249,273,1.4065934065934067,376,336
MR0880,4,2,6,0,21010,0.1424831814236111,49,45,318,346,269,301,301,1.2757475083056478,372,384
MR0881,4,2,8,0,7901,0.053582085503472224,76,117,307,300,231,183,231,1.6623376623376624,325,257
MR0882,1,1,7,0,15932,0.10804578993055555,73,111,329,319,256,208,256,1.5,360,292
MR0883,4,5,8,0,13961,0.09467909071180555,63,109,307,329,244,220,244,1.5737704918032787,342,308
MR0884,2,3,7,0,7872,0.053385416666666664,77,105,312,359,235,254,254,1.5118110236220472,329,330
MR0885,2,2,9,0,14075,0.09545220269097222,89,108,324,329,235,221,235,1.6340425531914893,329,311
MR0886,3,4,13,0,12881,0.08735487196180555,59,107,309,328,250,221,250,1.536,350,311
MR0887,3,3,6,0,25546,0.1732449001736111,48,130,328,362,280,232,280,1.3714285714285714,384,301
MR0888,4,3,5,0,29604,0.20076497395833334,48,53,287,365,239,312,312,1.2307692307692308,335,384
MR0889,4,4,5,0,24271,0.16459825303819445,76,124,336,359,260,235,260,1.476923076923077,360,307
MR0890,4,3,8,0,24962,0.1692843967013889,71,55,326,363,255,308,308,1.2467532467532467,357,384
MR0891,4,2,8,0,25640,0.1738823784722222,111,48,336,363,225,315,315,1.2190476190476192,315,384
MR0892,4,4,6,0,21828,0.14803059895833334,48,55,284,363,236,308,308,1.2467532467532467,332,384
MR0893,3,5,7,0,19042,0.12913682725694445,67,72,320,361,253,289,289,1.328719723183391,355,370
MR0894,4,4,7,0,14696,0.09966362847222222,141,40,336,363,195,323,323,1.1888544891640866,273,384
MR0895,3,1,7,0,14051,0.09528944227430555,48,74,278,353,230,279,279,1.3763440860215055,322,366
MR0896,3,3,6,0,14536,0.09857855902777778,66,60,315,357,249,297,297,1.292929292929293,349,384
MR0897,2,1,6,0,10311,0.06992594401041667,155,168,336,362,181,194,194,1.9793814432989691,255,255
MR0898,3,2,7,0,13508,0.09160698784722222,48,56,256,355,208,299,299,1.2842809364548495,292,384
MR0899,3,3,4,0,12897,0.08746337890625,76,180,324,359,248,179,248,1.5483870967741935,348,240
MR0900,2,4,6,0,13427,0.09105767144097222,144,66,336,359,192,293,293,1.310580204778157,270,377
MR0901,2,3,6,0,12215,0.08283827039930555,48,68,261,354,213,286,286,1.3426573426573427,299,374
MR0902,2,4,4,0,10810,0.07331000434027778,67,189,318,363,251,174,251,1.5298804780876494,353,230
MR0903,2,3,8,0,12125,0.08222791883680555,151,72,336,366,185,294,294,1.3061224489795917,259,371
MR0904,3,2,5,0,6769,0.045905219184027776,75,192,230,357,155,165,165,2.327272727272727,217,225
MR0906,4,1,10,0,20113,0.13640001085069445,105,53,336,357,231,304,304,1.263157894736842,325,384
MR0937,4,1,5,0,13701,0.09291585286458333,48,160,274,358,226,198,226,1.6991150442477876,318,264
MR0938,4,1,5,0,3635,0.024651421440972224,86,138,302,271,216,133,216,1.7777777777777777,304,187
MR0939,0,3,5,0,10472,0.0710177951388889,78,145,273,353,195,208,208,1.8461538461538463,273,281
MR0972,4,3,6,0,27272,0.18495008680555555,48,72,292,352,244,280,280,1.3714285714285714,341,368
MR0973,3,5,6,0,22016,0.14930555555555555,96,104,336,353,240,249,249,1.5421686746987953,336,330
MR0974,4,5,6,0,16881,0.11448160807291667,62,105,324,359,262,254,262,1.465648854961832,368,330
MR0975,3,4,5,0,21126,0.14326985677083334,48,80,281,358,233,278,278,1.381294964028777,327,360
MR0976,4,2,6,0,19282,0.1307644314236111,102,91,336,361,234,270,270,1.4222222222222223,328,347
MR0977,3,5,6,0,21861,0.14825439453125,55,71,322,363,267,292,292,1.3150684931506849,375,372
MR0978,4,4,5,0,23991,0.16269938151041666,48,78,283,361,235,283,283,1.3568904593639577,329,363
MR0979,3,4,6,0,20217,0.13710530598958334,100,79,335,356,235,277,277,1.3862815884476534,329,361
MR0980,2,4,8,0,20077,0.13615587022569445,67,87,333,355,266,268,268,1.4328358208955223,371,351
MR0981,4,5,6,0,21307,0.1444973415798611,102,91,336,352,234,261,261,1.471264367816092,328,346
MR0982,4,2,7,0,25060,0.1699490017361111,48,71,282,352,234,281,281,1.3665480427046264,328,370
MR0983,3,1,9,0,14115,0.09572347005208333,65,60,319,354,254,294,294,1.3061224489795917,356,383
MR0984,4,3,8,0,19112,0.1296115451388889,120,63,334,362,214,299,299,1.2842809364548495,300,381
MR0985,3,3,11,0,16232,0.1100802951388889,54,46,278,353,224,307,307,1.250814332247557,314,384
MR0986,2,4,7,0,5413,0.03670925564236111,128,130,304,359,176,229,229,1.6768558951965065,248,300
MR0987,4,5,6,0,7217,0.048943413628472224,116,138,326,363,210,225,225,1.7066666666666668,294,291
MR0988,3,4,7,0,6123,0.041524251302083336,84,90,252,356,168,266,266,1.443609022556391,236,348
MR0989,2,4,5,0,3259,0.022101508246527776,131,201,301,359,170,158,170,2.2588235294117647,238,215
MR0990,1,3,4,0,3630,0.024617513020833332,82,193,227,355,145,162,162,2.3703703703703702,203,224
MR0991,1,3,4,0,2207,0.014967176649305556,224,129,305,356,81,227,227,1.6916299559471366,115,301
MR0992,4,4,8,0,22774,0.1544460720486111,56,59,315,357,259,298,298,1.2885906040268456,363,384
MR0993,4,5,6,0,17370,0.1177978515625,97,157,333,363,236,206,236,1.6271186440677967,332,269
MR0994,4,4,6,0,21765,0.14760335286458334,48,150,298,359,250,209,250,1.536,348,276
MR0995,4,4,6,0,13154,0.0892062717013889,57,168,319,330,262,162,262,1.465648854961832,368,228
MR0996,4,1,4,0,13235,0.0897555881076389,105,171,336,335,231,164,231,1.6623376623376624,325,230
MR0997,4,2,7,0,19004,0.1288791232638889,48,94,289,347,241,253,253,1.517786561264822,338,341
MR0998,2,3,6,0,14579,0.09887017144097222,62,173,324,360,262,187,262,1.465648854961832,368,249
MR0971,4,1,5,0,17741,0.12031385633680555,59,171,320,360,261,189,261,1.471264367816092,367,251
MR0970,3,3,5,0,22337,0.1514824761284722,48,123,291,365,243,242,243,1.5802469135802468,340,310
MR0969,3,1,5,0,23651,0.1603936089409722,87,145,333,358,246,213,246,1.5609756097560976,346,282
MR0968,3,4,5,0,18882,0.1280517578125,48,174,313,353,265,179,265,1.4490566037735848,366,246
MR0940,3,5,4,0,12453,0.08445231119791667,137,183,336,352,199,169,199,1.92964824120603,279,235
MR0941,3,2,8,0,34419,0.23341878255208334,57,42,336,360,279,318,318,1.2075471698113207,383,384
MR0942,4,4,7,0,28553,0.1936374240451389,85,54,336,363,251,309,309,1.2427184466019416,350,384
MR0943,4,3,5,0,30435,0.20640055338541666,48,58,309,367,261,309,309,1.2427184466019416,362,384
MR0944,4,5,5,0,27953,0.1895684136284722,48,34,332,364,284,330,330,1.1636363636363636,384,384
MR0945,4,2,4,0,25473,0.17274983723958334,48,168,300,359,252,191,252,1.5238095238095237,351,255
MR0946,4,1,4,0,26225,0.1778496636284722,81,139,336,362,255,223,255,1.5058823529411764,354,290
MR0947,4,2,6,0,27446,0.1861300998263889,52,34,336,363,284,329,329,1.1671732522796352,384,384
MR0948,4,5,3,0,21903,0.14853922526041666,93,146,336,354,243,208,243,1.5802469135802468,340,280
MR0949,4,2,5,0,25479,0.17279052734375,48,159,309,359,261,200,261,1.471264367816092,362,265
MR0950,4,1,8,0,27302,0.1851535373263889,50,73,334,360,284,287,287,1.3379790940766552,384,369
MR0951,4,3,4,0,24974,0.1693657769097222,95,155,336,361,241,206,241,1.5933609958506223,338,271
MR0952,4,5,6,0,21637,0.1467352973090278,48,80,305,359,257,279,279,1.3763440860215055,357,360
MR0877,4,4,7,0,30378,0.20601399739583334,48,23,319,350,271,327,327,1.1743119266055047,374,384
MR0953,4,5,7,0,24332,0.1650119357638889,51,29,336,359,285,330,330,1.1636363636363636,384,384
MR0955,3,2,4,0,21559,0.1462063259548611,95,157,336,362,241,205,241,1.5933609958506223,338,268
MR0956,3,1,8,0,26310,0.17842610677083334,49,69,336,358,287,289,289,1.328719723183391,384,373
MR0957,4,3,5,0,17155,0.11633978949652778,101,158,336,356,235,198,235,1.6340425531914893,329,266
MR0958,3,3,4,0,21762,0.1475830078125,48,69,301,358,253,289,289,1.328719723183391,352,373
MR0959,3,1,2,0,1173,0.007954915364583334,145,218,245,261,100,43,100,3.84,140,61
MR0960,3,1,3,0,8630,0.058525933159722224,134,75,289,292,155,217,217,1.7695852534562213,217,305
MR0961,3,1,2,0,2457,0.01666259765625,102,73,185,257,83,184,184,2.0869565217391304,117,258
MR0962,1,3,7,0,4557,0.030904134114583332,83,75,317,295,234,220,234,1.641025641025641,328,308
MR0963,4,5,7,0,12762,0.0865478515625,107,78,331,357,224,279,279,1.3763440860215055,314,362
MR0964,4,3,5,0,11287,0.07654486762152778,61,75,281,338,220,263,263,1.4600760456273765,308,362
MR0965,1,1,3,0,1871,0.012688530815972222,121,78,249,263,128,185,185,2.075675675675676,180,259
MR0966,4,3,6,0,17334,0.1175537109375,104,71,328,355,224,284,284,1.352112676056338,314,370
MR0967,4,1,7,0,12967,0.08793809678819445,57,57,272,349,215,292,292,1.3150684931506849,301,384
MR0954,4,5,6,0,21835,0.1480780707465278,48,37,305,355,257,318,318,1.2075471698113207,357,384
MR0749,4,2,5,0,22723,0.15410020616319445,73,71,336,361,263,290,290,1.3241379310344827,364,371
MR0876,2,5,6,0,25223,0.1710544162326389,67,35,336,340,269,305,305,1.259016393442623,371,384
MR0874,4,5,5,0,27835,0.18876817491319445,68,36,336,351,268,315,315,1.2190476190476192,370,384
MR0784,4,1,5,0,27572,0.1869845920138889,76,29,336,364,260,335,335,1.146268656716418,360,384
MR0785,4,3,5,0,30157,0.20451524522569445,50,20,335,360,285,340,340,1.1294117647058823,384,384
MR0786,2,4,5,0,28577,0.19380018446180555,75,32,336,364,261,332,332,1.1566265060240963,362,384
MR0787,2,3,6,0,26781,0.18162027994791666,48,32,299,359,251,327,327,1.1743119266055047,350,384
MR0788,4,4,6,0,28922,0.1961398654513889,48,39,331,361,283,322,322,1.1925465838509317,384,384
MR0789,4,3,6,0,26178,0.17753092447916666,73,29,336,363,263,334,334,1.1497005988023952,364,384
MR0790,3,1,5,0,25644,0.17390950520833334,48,38,303,360,255,322,322,1.1925465838509317,354,384
MR0791,4,3,5,0,26708,0.1811252170138889,48,63,336,361,288,298,298,1.2885906040268456,384,381
MR0792,3,4,5,0,29623,0.2008938259548611,75,41,336,361,261,320,320,1.2,362,384
MR0793,3,3,5,0,28544,0.1935763888888889,48,44,322,362,274,318,318,1.2075471698113207,377,384
MR0794,4,2,3,0,12346,0.08372667100694445,57,170,329,361,272,191,272,1.411764705882353,382,253
MR0795,1,4,8,0,20649,0.14003499348958334,88,49,336,361,248,312,312,1.2307692307692308,346,384
MR0796,2,2,6,0,15243,0.10337320963541667,48,21,286,361,238,340,340,1.1294117647058823,334,384
MR0797,1,3,9,0,11927,0.08088514539930555,107,46,336,359,229,313,313,1.2268370607028753,321,384
MR0798,2,4,8,0,10655,0.07225884331597222,70,13,290,357,220,344,344,1.1162790697674418,308,384
MR0799,2,2,5,0,12373,0.08390977647569445,70,50,327,361,257,311,311,1.234726688102894,361,384
MR0800,0,2,5,0,18455,0.1251559787326389,59,35,332,360,273,325,325,1.1815384615384616,380,384
MR0801,2,4,7,0,19531,0.1324530707465278,107,47,336,359,229,312,312,1.2307692307692308,321,384
MR0802,2,3,7,0,15836,0.1073947482638889,48,43,302,358,254,315,315,1.2190476190476192,353,384
MR0803,2,3,7,0,16217,0.10997856987847222,71,29,335,361,264,332,332,1.1566265060240963,366,384
MR0804,1,3,10,0,13249,0.08985053168402778,48,17,297,357,249,340,340,1.1294117647058823,347,384
MR0805,2,5,8,0,23425,0.15886094835069445,83,51,336,357,253,306,306,1.2549019607843137,352,384
MR0806,2,2,6,0,12774,0.08662923177083333,68,55,328,361,260,306,306,1.2549019607843137,364,384
MR0807,0,2,8,0,19980,0.135498046875,91,37,336,360,245,323,323,1.1888544891640866,342,384
MR0808,2,1,6,0,10503,0.07122802734375,48,40,251,356,203,316,316,1.2151898734177216,285,384
MR0809,0,1,5,0,13720,0.0930447048611111,51,176,322,359,271,183,271,1.4169741697416973,377,245
MR0810,0,5,7,0,13006,0.08820258246527778,130,46,319,356,189,310,310,1.238709677419355,265,384
MR0783,3,4,5,0,26767,0.1815253363715278,48,24,315,366,267,342,342,1.1228070175438596,369,384
MR0811,2,2,7,0,9482,0.0643039279513889,50,66,247,358,197,292,292,1.3150684931506849,277,377
MR0782,4,1,5,0,29766,0.20186360677083334,48,28,334,361,286,333,333,1.1531531531531531,384,384
MR0780,3,5,5,0,24447,0.16579182942708334,97,76,336,362,239,286,286,1.3426573426573427,335,366
MR0751,4,2,4,0,17240,0.1169162326388889,55,180,320,363,265,183,265,1.4490566037735848,371,241
MR0752,4,4,6,0,24062,0.1631808810763889,62,89,332,364,270,275,275,1.3963636363636365,376,350
MR0753,4,2,5,0,17133,0.11619059244791667,48,180,302,366,254,186,254,1.5118110236220472,353,242
MR0754,4,4,5,0,28907,0.1960381401909722,48,41,292,357,244,316,316,1.2151898734177216,341,384
MR0755,4,2,4,0,22302,0.1512451171875,55,169,322,363,267,194,267,1.4382022471910112,375,254
MR0756,2,4,7,0,26878,0.1822781032986111,82,38,336,368,254,330,330,1.1636363636363636,353,384
MR0757,3,5,5,0,31887,0.21624755859375,48,30,300,356,252,326,326,1.177914110429448,351,384
MR0758,4,5,5,0,20217,0.13710530598958334,59,73,323,360,264,287,287,1.3379790940766552,370,369
MR0759,1,4,7,0,23323,0.1581692165798611,95,34,336,355,241,321,321,1.1962616822429906,338,384
MR0760,4,3,5,0,17366,0.1177707248263889,48,83,263,359,215,276,276,1.391304347826087,301,357
MR0761,2,4,6,0,16924,0.1147732204861111,80,78,324,361,244,283,283,1.3568904593639577,342,363
MR0762,0,4,6,0,24742,0.1677924262152778,102,63,336,355,234,292,292,1.3150684931506849,328,380
MR0763,2,5,6,0,17298,0.1173095703125,48,84,252,357,204,273,273,1.4065934065934067,286,355
MR0764,1,3,5,0,21901,0.1485256618923611,62,67,320,360,258,293,293,1.310580204778157,362,376
MR0765,1,5,6,0,25569,0.17340087890625,99,65,336,355,237,290,290,1.3241379310344827,333,377
MR0766,3,2,6,0,21595,0.1464504665798611,48,61,294,356,246,295,295,1.3016949152542372,344,382
MR0767,3,3,8,0,33438,0.22676595052083334,48,31,298,357,250,326,326,1.177914110429448,348,384
MR0768,4,2,7,0,26915,0.1825290256076389,50,40,326,357,276,317,317,1.2113564668769716,382,384
MR0771,1,2,8,0,31529,0.21381971571180555,88,41,336,365,248,324,324,1.1851851851851851,346,384
MR0772,4,5,6,0,31304,0.21229383680555555,48,39,293,359,245,320,320,1.2,342,384
MR0773,4,2,6,0,29547,0.20037841796875,52,42,330,360,278,318,318,1.2075471698113207,384,384
MR0774,0,4,7,0,32189,0.2182956271701389,80,29,336,363,256,334,334,1.1497005988023952,356,384
MR0775,4,3,7,0,34711,0.23539903428819445,48,29,299,354,251,325,325,1.1815384615384616,350,384
MR0776,4,1,8,0,20488,0.1389431423611111,64,61,326,360,262,299,299,1.2842809364548495,368,383
MR0777,3,3,6,0,24240,0.16438802083333334,48,60,299,358,251,298,298,1.2885906040268456,350,384
MR0778,3,1,6,0,24988,0.1694607204861111,83,50,336,357,253,307,307,1.250814332247557,352,384
MR0779,3,5,6,0,23435,0.1589287651909722,64,45,324,357,260,312,312,1.2307692307692308,364,384
MR0781,4,2,5,0,23811,0.16147867838541666,48,66,297,356,249,290,290,1.3241379310344827,347,376
MR0812,2,5,5,0,1988,0.013481987847222222,129,37,263,350,134,313,313,1.2268370607028753,188,384
MR0813,1,2,4,0,4130,0.028008355034722224,160,187,323,345,163,158,163,2.355828220858896,229,222
MR0814,1,5,1,0,837,0.00567626953125,105,197,145,255,40,58,58,6.620689655172414,56,82
MR0847,4,1,5,0,16227,0.11004638671875,48,28,277,352,229,324,324,1.1851851851851851,321,384
MR0848,3,1,10,0,10279,0.06970893012152778,69,35,309,358,240,323,323,1.1888544891640866,336,384
MR0849,1,4,5,0,13183,0.08940294053819445,103,41,325,279,222,238,238,1.6134453781512605,312,327
MR0850,2,2,8,0,12407,0.0841403537326389,48,31,275,361,227,330,330,1.1636363636363636,319,384
MR0851,2,5,6,0,11657,0.07905409071180555,69,29,314,358,245,329,329,1.1671732522796352,343,384
MR0852,0,2,6,0,17055,0.11566162109375,102,45,334,362,232,317,317,1.2113564668769716,326,384
MR0853,3,4,5,0,11518,0.07811143663194445,49,31,277,356,228,325,325,1.1815384615384616,320,384
MR0854,2,3,7,0,8046,0.0545654296875,68,37,309,358,241,321,321,1.1962616822429906,339,384
MR0855,1,1,7,0,8926,0.06053331163194445,127,41,336,356,209,315,315,1.2190476190476192,293,384
MR0856,2,3,7,0,9630,0.0653076171875,50,37,266,352,216,315,315,1.2190476190476192,304,384
MR0857,3,1,6,0,11224,0.07611762152777778,57,182,330,357,273,175,273,1.4065934065934067,382,237
MR0858,2,3,5,0,20448,0.138671875,79,164,336,360,257,196,257,1.4941634241245136,357,260
MR0859,4,2,4,0,16115,0.1092868381076389,78,138,304,354,226,216,226,1.6991150442477876,318,290
MR0860,3,4,5,0,12771,0.08660888671875,57,183,328,354,271,171,271,1.4169741697416973,381,236
MR0861,3,5,6,0,22490,0.1525200737847222,89,52,336,356,247,304,304,1.263157894736842,345,384
MR0862,4,5,5,0,20081,0.13618299696180555,49,117,311,353,262,236,262,1.465648854961832,364,315
MR0863,3,3,6,0,7656,0.051920572916666664,64,178,326,340,262,162,262,1.465648854961832,368,228
MR0864,2,4,8,0,29800,0.2020941840277778,48,42,322,336,274,294,294,1.3061224489795917,377,384
MR0865,4,3,6,0,20087,0.1362236870659722,69,7,336,341,267,334,334,1.1497005988023952,369,384
MR0866,4,4,4,0,5138,0.034844292534722224,60,188,319,345,259,157,259,1.4826254826254825,363,221
MR0867,2,4,7,0,20292,0.13761393229166666,48,27,320,347,272,320,320,1.2,375,384
MR0868,4,2,5,0,16715,0.11335584852430555,68,57,317,351,249,294,294,1.3061224489795917,349,384
MR0869,4,1,4,0,12115,0.08216010199652778,54,163,333,344,279,181,279,1.3763440860215055,384,255
MR0870,2,5,6,0,31165,0.21135118272569445,48,32,321,352,273,320,320,1.2,376,384
MR0871,4,1,8,0,29754,0.2017822265625,70,32,336,346,266,314,314,1.2229299363057324,368,384
MR0872,4,5,5,0,11287,0.07654486762152778,63,37,333,351,270,314,314,1.2229299363057324,375,384
MR0873,2,4,7,0,27385,0.18571641710069445,48,28,319,347,271,319,319,1.2037617554858935,374,384
MR0846,1,2,7,0,15347,0.10407850477430555,110,41,336,353,226,312,312,1.2307692307692308,318,384
MR0845,3,3,6,0,13012,0.08824327256944445,63,34,310,352,247,318,318,1.2075471698113207,347,384
MR0844,4,2,5,0,15962,0.1082492404513889,48,36,275,357,227,321,321,1.1962616822429906,319,384
MR0843,0,1,5,0,19853,0.1346367730034722,108,45,336,350,228,305,305,1.259016393442623,320,384
MR0815,1,1,2,0,877,0.005947536892361111,141,218,254,262,113,44,113,3.398230088495575,159,62
MR0816,1,3,2,0,469,0.003180609809027778,120,215,248,266,128,51,128,3.0,180,73
MR0817,1,2,4,0,2655,0.01800537109375,240,64,323,355,83,291,291,1.3195876288659794,117,379
MR0818,1,4,1,0,333,0.00225830078125,209,218,244,256,35,38,38,10.105263157894736,49,54
MR0819,1,5,1,0,78,0.0005289713541666666,236,238,251,255,15,17,17,22.58823529411765,21,25
MR0820,1,1,4,0,9638,0.06536187065972222,70,56,272,351,202,295,295,1.3016949152542372,284,384
MR0821,1,3,6,0,9975,0.06764729817708333,69,72,330,357,261,285,285,1.3473684210526315,367,369
MR0822,3,3,8,0,14210,0.09636773003472222,49,71,266,356,217,285,285,1.3473684210526315,305,370
MR0823,3,1,8,0,20438,0.1386040581597222,111,75,336,357,225,282,282,1.3617021276595744,315,366
MR0824,4,1,5,0,22522,0.1527370876736111,50,45,329,311,279,266,279,1.3763440860215055,384,365
MR0825,4,3,5,0,28963,0.1964179144965278,48,54,298,357,250,303,303,1.2673267326732673,348,384
MR0826,4,2,7,0,26163,0.17742919921875,98,46,336,330,238,284,284,1.352112676056338,334,384
MR0827,4,2,5,0,26871,0.18223063151041666,56,54,323,324,267,270,270,1.4222222222222223,375,378
MR0875,4,1,5,0,12235,0.0829739040798611,66,165,331,343,265,178,265,1.4490566037735848,371,250
MR0828,4,5,6,0,25572,0.17342122395833334,48,55,303,338,255,283,283,1.3568904593639577,354,384
MR0830,4,2,6,0,20129,0.1365085177951389,66,54,303,359,237,305,305,1.259016393442623,333,384
MR0831,4,5,5,0,12065,0.0818210177951389,105,153,327,360,222,207,222,1.7297297297297298,312,273
MR0832,4,1,5,0,12281,0.0832858615451389,48,75,240,356,192,281,281,1.3665480427046264,270,366
MR0833,4,5,4,0,10313,0.06993950737847222,122,161,305,356,183,195,195,1.9692307692307693,257,262
MR0834,4,2,5,0,15869,0.10761854383680555,48,55,238,357,190,302,302,1.271523178807947,266,384
MR0835,4,2,8,0,25080,0.17008463541666666,54,64,297,360,243,296,296,1.2972972972972974,341,380
MR0836,4,3,8,0,15829,0.10734727647569445,60,53,299,363,239,310,310,1.238709677419355,335,384
MR0837,3,3,6,0,13135,0.0890774197048611,48,43,274,353,226,310,310,1.238709677419355,318,384
MR0838,4,4,6,0,12526,0.08494737413194445,107,72,331,359,224,287,287,1.3379790940766552,314,370
MR0839,4,4,6,0,15212,0.10316297743055555,73,31,321,362,248,331,331,1.1601208459214503,348,384
MR0840,1,5,7,0,19967,0.1354098849826389,103,42,336,357,233,315,315,1.2190476190476192,327,384
MR0841,3,3,5,0,18947,0.12849256727430555,48,31,280,364,232,333,333,1.1531531531531531,326,384
MR0842,4,5,4,0,14165,0.09606255425347222,69,32,321,277,252,245,252,1.5238095238095237,354,326
MR0829,4,2,5,0,24636,0.16707356770833334,101,59,336,322,235,263,263,1.4600760456273765,329,369
MR0999,4,2,5,0,20621,0.13984510633680555,93,166,336,356,243,190,243,1.5802469135802468,340,256
MR0499,3,4,5,0,13003,0.08818223741319445,53,179,329,361,276,182,276,1.391304347826087,384,242
MR0497,2,4,4,0,18353,0.12446424696180555,84,137,336,353,252,216,252,1.5238095238095237,351,291
MR0158,3,3,3,0,7720,0.05235460069444445,129,125,329,261,200,136,200,1.92,280,192
MR0159,4,3,4,0,11300,0.0766330295138889,85,48,264,278,179,230,230,1.6695652173913043,251,322
MR0160,1,2,4,0,5993,0.040642632378472224,54,23,327,255,273,232,273,1.4065934065934067,382,302
MR0161,4,5,4,0,10101,0.06850179036458333,107,19,273,266,166,247,247,1.5546558704453441,234,316
MR0162,3,3,4,0,8215,0.05571153428819445,73,141,271,353,198,212,212,1.8113207547169812,278,286
MR0163,1,5,2,0,6891,0.046732584635416664,54,170,329,262,275,92,275,1.3963636363636365,384,130
MR0164,3,3,4,0,6972,0.047281901041666664,113,138,315,354,202,216,216,1.7777777777777777,284,290
MR0165,2,3,3,0,6092,0.041314019097222224,84,165,235,354,151,189,189,2.0317460317460316,213,257
MR0166,3,5,3,0,8744,0.05929904513888889,84,181,312,288,228,107,228,1.6842105263157894,320,151
MR0167,4,3,6,0,12809,0.08686659071180555,89,119,336,320,247,201,247,1.5546558704453441,345,283
MR0168,4,4,5,0,10060,0.06822374131944445,52,119,285,305,233,186,233,1.648068669527897,327,262
MR0169,4,2,4,0,8870,0.06015353732638889,78,119,306,282,228,163,228,1.6842105263157894,320,229
MR0170,4,3,5,0,7900,0.05357530381944445,50,125,252,276,202,151,202,1.900990099009901,284,213
MR0171,4,3,4,0,10927,0.07410346137152778,95,123,336,297,241,174,241,1.5933609958506223,338,244
MR0172,3,2,5,0,11390,0.0772433810763889,79,87,312,285,233,198,233,1.648068669527897,327,278
MR0173,3,4,4,0,12038,0.0816379123263889,97,118,336,316,239,198,239,1.606694560669456,335,278
MR0174,3,5,6,0,8638,0.05858018663194445,49,87,252,275,203,188,203,1.8916256157635467,285,264
MR0175,2,1,5,0,8677,0.058844672309027776,82,127,311,277,229,150,229,1.6768558951965065,321,210
MR0176,3,1,5,0,9074,0.06153700086805555,49,126,245,285,196,159,196,1.9591836734693877,276,223
MR0177,4,5,5,0,11264,0.0763888888888889,86,132,334,323,248,191,248,1.5483870967741935,348,269
MR0178,3,1,5,0,11639,0.07893202039930555,55,194,310,360,255,166,255,1.5058823529411764,357,224
MR0179,4,1,5,0,12825,0.08697509765625,103,182,336,355,233,173,233,1.648068669527897,327,237
MR0180,3,3,4,0,10639,0.07215033637152778,62,184,266,354,204,170,204,1.8823529411764706,286,234
MR0181,2,5,6,0,13489,0.09147813585069445,61,193,332,361,271,168,271,1.4169741697416973,378,225
MR0182,2,3,4,0,10618,0.07200792100694445,137,193,336,358,199,165,199,1.92964824120603,279,224
MR0183,2,2,6,0,12464,0.08452690972222222,48,180,269,369,221,189,221,1.737556561085973,311,242
MR0184,1,2,5,0,12755,0.08650037977430555,58,178,312,359,254,181,254,1.5118110236220472,356,243
MR0157,0,1,3,0,6306,0.042765299479166664,63,161,320,253,257,92,257,1.4941634241245136,361,130
MR0185,2,5,5,0,8451,0.05731201171875,48,76,252,358,204,282,282,1.3617021276595744,286,365
MR0156,3,1,2,0,7511,0.05093722873263889,123,170,265,286,142,116,142,2.704225352112676,200,164
MR0154,0,4,3,0,2096,0.014214409722222222,64,84,319,246,255,162,255,1.5058823529411764,357,228
MR0127,1,4,4,0,9078,0.061564127604166664,63,197,317,361,254,164,254,1.5118110236220472,356,220
MR0128,3,1,4,0,18669,0.12660725911458334,70,57,280,357,210,300,300,1.28,294,384
MR0129,2,5,5,0,10049,0.0681491427951389,89,187,296,363,207,176,207,1.855072463768116,291,233
MR0130,2,3,6,0,16742,0.11353895399305555,55,21,329,323,274,302,302,1.271523178807947,384,384
MR0131,3,1,3,0,20482,0.13890245225694445,60,113,336,345,276,232,276,1.391304347826087,380,318
MR0132,0,4,3,0,19440,0.1318359375,48,128,301,339,253,211,253,1.517786561264822,352,297
MR0133,3,1,6,0,8375,0.05679660373263889,54,121,320,324,266,203,266,1.443609022556391,374,285
MR0134,3,2,4,0,19128,0.12972005208333334,103,129,314,343,211,214,214,1.794392523364486,297,298
MR0135,2,5,4,0,15278,0.1036105685763889,56,121,331,340,275,219,275,1.3963636363636365,383,307
MR0136,2,5,4,0,14522,0.0984836154513889,51,120,322,325,271,205,271,1.4169741697416973,377,287
MR0137,3,1,5,0,14189,0.0962253146701389,54,124,336,337,282,213,282,1.3617021276595744,384,299
MR0138,3,2,3,0,18541,0.1257392035590278,49,128,314,335,265,207,265,1.4490566037735848,367,291
MR0139,0,1,1,0,448,0.0030381944444444445,172,328,221,347,49,19,49,7.836734693877551,69,27
MR0140,1,4,4,0,5433,0.036844889322916664,59,164,304,348,245,184,245,1.5673469387755101,343,257
MR0141,1,1,5,0,9885,0.06703694661458333,73,167,296,352,223,185,223,1.7219730941704037,313,254
MR0142,1,4,5,0,7480,0.050726996527777776,55,125,323,325,268,200,268,1.4328358208955223,376,280
MR0143,2,5,3,0,19005,0.12888590494791666,61,124,336,347,275,223,275,1.3963636363636365,378,305
MR0144,3,2,2,0,17900,0.12139214409722222,145,127,319,350,174,223,223,1.7219730941704037,244,302
MR0145,1,4,2,0,6926,0.04696994357638889,71,166,331,252,260,86,260,1.476923076923077,364,122
MR0146,2,5,2,0,6537,0.044331868489583336,139,90,272,261,133,171,171,2.245614035087719,187,241
MR0147,3,1,2,0,8877,0.060201009114583336,72,90,249,287,177,197,197,1.9492385786802031,249,277
MR0148,2,4,3,0,8028,0.054443359375,55,164,328,254,273,90,273,1.4065934065934067,383,126
MR0149,3,4,3,0,7121,0.04829237196180555,56,160,243,248,187,88,187,2.053475935828877,263,124
MR0150,3,5,2,0,6148,0.041693793402777776,130,167,279,264,149,97,149,2.577181208053691,209,137
MR0151,0,3,2,0,7940,0.05384657118055555,61,168,327,261,266,93,266,1.443609022556391,374,131
MR0152,3,3,2,0,9625,0.0652737087673611,115,163,319,261,204,98,204,1.8823529411764706,286,138
MR0153,4,4,2,0,8057,0.05464002821180555,132,162,275,266,143,104,143,2.6853146853146854,201,146
MR0155,3,5,3,0,6156,0.041748046875,114,90,311,263,197,173,197,1.9492385786802031,277,243
MR0126,2,5,5,0,10262,0.06959364149305555,133,73,333,364,200,291,291,1.3195876288659794,280,370
MR0186,3,4,4,0,11147,0.0755954318576389,123,180,315,356,192,176,192,2.0,270,240
MR0188,2,2,5,0,10109,0.06855604383680555,125,186,329,362,204,176,204,1.8823529411764706,286,234
MR0220,3,3,5,0,12089,0.08198377821180555,58,81,327,322,269,241,269,1.4275092936802973,377,339
MR0221,4,4,6,0,15384,0.10432942708333333,96,82,336,351,240,269,269,1.4275092936802973,336,356
MR0222,4,5,6,0,11510,0.07805718315972222,78,108,285,352,207,244,244,1.5737704918032787,291,325
MR0223,4,1,6,0,12194,0.08269585503472222,57,88,332,318,275,230,275,1.3963636363636365,382,322
MR0224,4,5,7,0,14723,0.09984673394097222,97,90,336,333,239,243,243,1.5802469135802468,335,341
MR0225,4,3,5,0,13532,0.0917697482638889,49,188,286,325,237,137,237,1.620253164556962,333,193
MR0226,3,4,6,0,15143,0.1026950412326389,59,78,331,359,272,281,281,1.3665480427046264,380,363
MR0227,4,2,6,0,17116,0.11607530381944445,103,89,336,350,233,261,261,1.471264367816092,327,348
MR0228,4,3,5,0,13942,0.09455023871527778,50,88,283,325,233,237,237,1.620253164556962,327,333
MR0229,3,5,5,0,15730,0.10667588975694445,62,82,327,350,265,268,268,1.4328358208955223,371,356
MR0230,4,5,6,0,14710,0.0997585720486111,93,69,336,347,243,278,278,1.381294964028777,340,371
MR0231,4,4,4,0,13320,0.09033203125,48,177,281,326,233,149,233,1.648068669527897,327,209
MR0232,2,4,6,0,14326,0.09715440538194445,55,77,328,356,273,279,279,1.3763440860215055,383,363
MR0233,4,1,4,0,17165,0.11640760633680555,100,83,336,331,236,248,248,1.5483870967741935,332,348
MR0234,3,1,4,0,10351,0.07019721137152778,48,185,284,295,236,110,236,1.6271186440677967,332,154
MR0235,3,3,5,0,14875,0.10087754991319445,59,89,329,360,270,271,271,1.4169741697416973,378,350
MR0236,3,5,6,0,13193,0.08947075737847222,97,91,336,352,239,261,261,1.471264367816092,335,346
MR0237,3,2,5,0,16840,0.11420355902777778,49,97,294,360,245,263,263,1.4600760456273765,343,340
MR0238,3,4,5,0,13789,0.09351264105902778,62,87,329,359,267,272,272,1.411764705882353,375,352
MR0239,3,2,4,0,16156,0.10956488715277778,100,95,336,352,236,257,257,1.4941634241245136,332,341
MR0240,2,5,6,0,10605,0.07191975911458333,48,92,275,353,227,261,261,1.471264367816092,319,345
MR0241,3,5,6,0,14935,0.1012844509548611,51,88,325,361,274,273,274,1.4014598540145986,380,351
MR0242,4,4,5,0,18219,0.12355550130208333,101,86,336,352,235,266,266,1.443609022556391,329,352
MR0243,4,4,6,0,11648,0.07899305555555555,49,90,284,341,235,251,251,1.5298804780876494,329,345
MR0244,2,5,2,0,10137,0.06874593098958333,62,192,325,298,263,106,263,1.4600760456273765,369,150
MR0245,3,2,4,0,12665,0.08589002821180555,94,157,335,324,241,167,241,1.5933609958506223,339,235
MR0246,3,4,4,0,8970,0.060831705729166664,48,190,291,277,243,87,243,1.5802469135802468,340,123
MR0219,4,3,4,0,16044,0.10880533854166667,118,37,287,343,169,306,306,1.2549019607843137,237,384
MR0187,2,2,5,0,2582,0.017510308159722224,87,217,264,361,177,144,177,2.169491525423729,249,196
MR0218,4,1,5,0,15253,0.10344102647569445,92,46,317,350,225,304,304,1.263157894736842,315,384
MR0216,4,1,8,0,15665,0.1062350802951389,59,26,291,336,232,310,310,1.238709677419355,326,384
MR0189,1,4,4,0,7761,0.052632649739583336,77,194,273,358,196,164,196,1.9591836734693877,276,223
MR0190,1,5,8,0,10441,0.07080756293402778,72,36,315,363,243,327,327,1.1743119266055047,341,384
MR0191,2,4,6,0,10261,0.06958685980902778,148,85,335,364,187,279,279,1.3763440860215055,263,355
MR0192,2,1,7,0,9073,0.061530219184027776,50,79,269,359,219,280,280,1.3714285714285714,307,361
MR0193,1,2,5,0,10089,0.06842041015625,59,199,326,360,267,161,267,1.4382022471910112,375,218
MR0194,2,2,4,0,10329,0.07004801432291667,114,181,319,353,205,172,205,1.8731707317073172,287,238
MR0195,2,5,4,0,8629,0.05851915147569445,68,181,269,357,201,176,201,1.9104477611940298,283,239
MR0196,1,3,7,0,14700,0.09969075520833333,61,71,334,361,273,290,290,1.3241379310344827,378,371
MR0197,3,3,3,0,14396,0.0976291232638889,105,168,311,356,206,188,206,1.8640776699029127,290,254
MR0198,2,2,4,0,8760,0.059407552083333336,71,185,279,357,208,172,208,1.8461538461538463,292,234
MR0199,2,1,5,0,12324,0.08357747395833333,55,187,317,362,262,175,262,1.465648854961832,368,232
MR0200,2,3,6,0,8479,0.057501898871527776,50,170,271,354,221,184,221,1.737556561085973,311,251
MR0201,3,5,3,0,10597,0.0718655056423611,114,180,308,354,194,174,194,1.9793814432989691,272,239
MR0202,2,1,4,0,10970,0.07439507378472222,65,198,319,363,254,165,254,1.5118110236220472,356,219
MR0203,2,4,5,0,6331,0.04293484157986111,55,191,288,366,233,175,233,1.648068669527897,327,228
MR0204,3,2,5,0,8582,0.05820041232638889,117,199,318,361,201,162,201,1.9104477611940298,283,218
MR0205,1,4,4,0,4424,0.030002170138888888,144,216,318,359,174,143,174,2.206896551724138,244,197
MR0206,2,5,4,0,6709,0.04549831814236111,131,168,297,362,166,194,194,1.9793814432989691,234,255
MR0207,1,1,5,0,8221,0.05575222439236111,72,180,270,355,198,175,198,1.9393939393939394,278,239
MR0208,1,2,3,0,1779,0.012064615885416666,148,209,241,356,93,147,147,2.6122448979591835,131,205
MR0209,2,2,4,0,6186,0.041951497395833336,132,185,300,354,168,169,169,2.272189349112426,236,233
MR0210,2,5,4,0,6662,0.04517957899305555,74,206,257,353,183,147,183,2.098360655737705,257,207
MR0211,1,5,6,0,6678,0.0452880859375,64,189,322,360,258,171,258,1.4883720930232558,362,230
MR0212,2,3,6,0,9713,0.06587049696180555,109,176,324,359,215,183,215,1.786046511627907,301,245
MR0213,2,2,5,0,5521,0.03744167751736111,71,173,264,356,193,183,193,1.9896373056994818,271,248
MR0214,3,2,8,0,15854,0.1075168185763889,70,51,316,285,246,234,246,1.5609756097560976,346,328
MR0215,4,5,4,0,14175,0.09613037109375,88,132,269,332,181,200,200,1.92,255,280
MR0217,4,2,6,0,15379,0.10429551866319445,68,34,316,343,248,309,309,1.2427184466019416,348,384
MR0125,3,4,4,0,14993,0.10167778862847222,75,54,272,355,197,301,301,1.2757475083056478,277,384
MR0124,1,5,6,0,11269,0.07642279730902778,64,74,319,359,255,285,285,1.3473684210526315,357,367
MR0123,3,3,3,0,16350,0.11088053385416667,96,45,305,360,209,315,315,1.2190476190476192,293,384
MR0033,3,4,8,0,16236,0.110107421875,49,43,272,352,223,309,309,1.2427184466019416,313,384
MR0034,2,4,8,0,16333,0.11076524522569445,52,111,316,361,264,250,264,1.4545454545454546,369,323
MR0035,3,1,6,0,16984,0.11518012152777778,48,160,266,354,218,194,218,1.761467889908257,306,263
MR0036,2,2,8,0,11027,0.07478162977430555,110,109,328,364,218,255,255,1.5058823529411764,306,326
MR0037,1,2,5,0,1054,0.007147894965277778,88,25,255,340,167,315,315,1.2190476190476192,235,384
MR0038,2,2,9,0,17932,0.1216091579861111,73,23,273,348,200,325,325,1.1815384615384616,280,384
MR0039,3,5,13,0,13662,0.0926513671875,98,17,317,351,219,334,334,1.1497005988023952,307,384
MR0040,1,2,11,0,11524,0.0781521267361111,63,15,325,349,262,334,334,1.1497005988023952,368,384
MR0041,3,5,4,0,29381,0.1992526584201389,102,15,314,354,212,339,339,1.1327433628318584,298,384
MR0042,3,1,6,0,20362,0.1380886501736111,69,18,288,349,219,331,331,1.1601208459214503,307,384
MR0043,1,2,6,0,22195,0.1505194769965278,64,6,320,363,256,357,357,1.0756302521008403,360,384
MR0044,3,4,7,0,22653,0.15362548828125,93,15,314,369,221,354,354,1.0847457627118644,311,384
MR0045,3,5,9,0,16444,0.11151801215277778,70,16,278,363,208,347,347,1.106628242074928,292,384
MR0046,1,5,8,0,6324,0.042887369791666664,84,18,323,352,239,334,334,1.1497005988023952,335,384
MR0047,3,1,11,0,9493,0.06437852647569445,95,24,336,359,241,335,335,1.146268656716418,338,384
MR0048,2,4,7,0,19755,0.13397216796875,57,3,280,357,223,354,354,1.0847457627118644,313,384
MR0049,1,2,7,0,15160,0.1028103298611111,66,108,317,362,251,254,254,1.5118110236220472,353,327
MR0050,4,4,7,0,10371,0.07033284505208333,57,116,280,351,223,235,235,1.6340425531914893,313,315
MR0051,4,4,6,0,19082,0.12940809461805555,88,169,316,363,228,194,228,1.6842105263157894,320,254
MR0052,2,1,8,0,12708,0.086181640625,60,118,316,359,256,241,256,1.5,360,315
MR0053,4,3,9,0,23769,0.16119384765625,91,21,331,354,240,333,333,1.1531531531531531,336,384
MR0054,3,2,9,0,17583,0.11924235026041667,56,64,302,351,246,287,287,1.3379790940766552,346,378
MR0055,4,4,8,0,18659,0.12653944227430555,48,73,292,368,244,295,295,1.3016949152542372,341,370
MR0056,3,1,8,0,21092,0.1430392795138889,85,21,332,358,247,337,337,1.13946587537092,347,384
MR0057,1,5,8,0,14341,0.0972561306423611,71,65,315,358,244,293,293,1.310580204778157,342,378
MR0058,1,1,8,0,18174,0.12325032552083333,57,114,313,364,256,250,256,1.5,360,320
MR0059,4,2,7,0,26423,0.1791924370659722,50,46,284,366,234,320,320,1.2,328,384
MR0032,2,5,7,0,13003,0.08818223741319445,106,204,328,358,222,154,222,1.7297297297297298,312,211
MR0060,4,1,8,0,18181,0.12329779730902778,89,96,335,356,246,260,260,1.476923076923077,345,340
MR0031,1,2,9,0,13907,0.09431287977430555,60,186,330,358,270,172,270,1.4222222222222223,378,233
MR0029,1,2,5,0,7093,0.048102484809027776,69,133,276,272,207,139,207,1.855072463768116,291,195
MR0002,4,4,3,0,16727,0.1134372287326389,113,128,336,320,223,192,223,1.7219730941704037,313,270
MR0003,4,4,3,0,14566,0.0987820095486111,48,146,275,300,227,154,227,1.6916299559471366,319,216
MR0004,3,4,5,0,14101,0.09562852647569445,63,63,304,287,241,224,241,1.5933609958506223,339,314
MR0005,3,2,4,0,19233,0.13043212890625,109,59,336,318,227,259,259,1.4826254826254825,319,363
MR0006,3,1,6,0,12186,0.0826416015625,69,78,269,296,200,218,218,1.761467889908257,280,306
MR0007,3,5,15,0,16640,0.11284722222222222,63,70,325,299,262,229,262,1.465648854961832,368,321
MR0008,3,3,9,0,13948,0.09459092881944445,109,140,329,310,220,170,220,1.7454545454545454,308,238
MR0009,3,3,12,0,11680,0.07921006944444445,60,71,263,302,203,231,231,1.6623376623376624,285,325
MR0010,2,3,9,0,14618,0.09913465711805555,63,149,325,299,262,150,262,1.465648854961832,368,210
MR0011,4,1,5,0,12933,0.08770751953125,108,151,327,301,219,150,219,1.7534246575342465,307,210
MR0012,3,5,8,0,12200,0.0827365451388889,50,151,264,293,214,142,214,1.794392523364486,300,200
MR0013,2,4,5,0,11178,0.0758056640625,63,180,325,277,262,97,262,1.465648854961832,368,137
MR0014,4,1,6,0,11468,0.07777235243055555,48,75,247,295,199,220,220,1.7454545454545454,279,308
MR0015,3,1,5,0,10386,0.0704345703125,133,176,336,284,203,108,203,1.8916256157635467,285,152
MR0016,3,3,5,0,10616,0.0719943576388889,71,190,328,275,257,85,257,1.4941634241245136,361,119
MR0017,3,5,4,0,7912,0.053656684027777776,145,190,336,286,191,96,191,2.0104712041884816,269,136
MR0018,3,2,4,0,7494,0.050821940104166664,48,192,252,281,204,89,204,1.8823529411764706,286,125
MR0019,2,1,6,0,11415,0.07741292317708333,65,185,328,357,263,172,263,1.4600760456273765,369,234
MR0020,3,4,4,0,6961,0.04720730251736111,145,189,310,353,165,164,165,2.327272727272727,231,228
MR0021,2,3,4,0,6507,0.04412841796875,78,199,245,347,167,148,167,2.2994011976047903,235,208
MR0022,1,3,6,0,12320,0.08355034722222222,71,186,327,355,256,169,256,1.5,360,232
MR0023,2,4,5,0,7346,0.04981825086805555,152,191,316,350,164,159,164,2.341463414634146,230,223
MR0024,2,5,5,0,6264,0.04248046875,80,197,247,345,167,148,167,2.2994011976047903,235,208
MR0025,2,5,5,0,7290,0.0494384765625,76,197,313,270,237,73,237,1.620253164556962,333,103
MR0026,3,4,4,0,5414,0.03671603732638889,157,196,313,352,156,156,156,2.4615384615384617,220,220
MR0027,3,2,5,0,5338,0.036200629340277776,74,200,232,351,158,151,158,2.430379746835443,222,213
MR0028,1,4,5,0,9977,0.0676608615451389,71,185,323,286,252,101,252,1.5238095238095237,354,143
MR0030,3,2,9,0,16211,0.10993787977430555,73,69,314,350,241,281,281,1.3665480427046264,339,372
MR0061,1,1,8,0,11013,0.07468668619791667,82,117,321,363,239,246,246,1.5609756097560976,335,317
MR0062,3,4,10,0,20452,0.1386990017361111,82,58,336,360,254,302,302,1.271523178807947,353,384
MR0063,3,2,7,0,13412,0.09095594618055555,57,117,281,357,224,240,240,1.6,314,315
MR0096,3,1,10,0,18935,0.1284111870659722,50,67,282,357,232,290,290,1.3241379310344827,326,375
MR0097,2,5,10,0,22402,0.1519232855902778,63,121,320,360,257,239,257,1.4941634241245136,361,311
MR0098,2,4,9,0,20606,0.1397433810763889,105,104,336,358,231,254,254,1.5118110236220472,325,331
MR0099,3,3,9,0,19262,0.13062879774305555,51,54,275,353,224,299,299,1.2842809364548495,314,384
MR0100,1,1,9,0,15008,0.1017795138888889,68,127,318,358,250,231,250,1.536,350,304
MR0101,2,1,3,0,2190,0.014851888020833334,223,79,302,358,79,279,279,1.3763440860215055,111,361
MR0102,3,5,3,0,2174,0.014743381076388888,76,201,267,352,191,151,191,2.0104712041884816,269,213
MR0103,2,4,3,0,1950,0.013224283854166666,72,182,227,360,155,178,178,2.157303370786517,217,238
MR0104,3,3,4,0,6595,0.04472520616319445,151,184,297,356,146,172,172,2.2325581395348837,206,235
MR0105,3,5,4,0,8200,0.055609809027777776,83,189,271,361,188,172,188,2.0425531914893615,264,230
MR0106,3,3,5,0,7406,0.050225151909722224,75,189,297,362,222,173,222,1.7297297297297298,312,230
MR0107,4,3,4,0,10584,0.07177734375,111,184,290,369,179,185,185,2.075675675675676,251,237
MR0108,4,4,3,0,8562,0.058064778645833336,83,183,225,368,142,185,185,2.075675675675676,200,238
MR0109,3,1,3,0,14846,0.1006808810763889,82,175,304,364,222,189,222,1.7297297297297298,312,247
MR0110,4,1,5,0,10443,0.07082112630208333,117,174,325,369,208,195,208,1.8461538461538463,292,249
MR0111,3,1,2,0,9622,0.06525336371527778,78,191,225,367,147,176,176,2.1818181818181817,207,229
MR0112,2,2,2,0,2425,0.016445583767361112,125,245,242,364,117,119,119,3.226890756302521,165,163
MR0113,4,5,4,0,8187,0.055521647135416664,117,173,301,368,184,195,195,1.9692307692307693,258,250
MR0114,4,5,2,0,7009,0.04753282335069445,75,194,218,366,143,172,172,2.2325581395348837,201,225
MR0115,2,3,4,0,6977,0.04731580946180555,69,189,317,357,248,168,248,1.5483870967741935,348,229
MR0116,4,4,4,0,9803,0.06648084852430555,88,141,315,289,227,148,227,1.6916299559471366,319,208
MR0117,4,5,5,0,9634,0.0653347439236111,84,62,291,354,207,292,292,1.3150684931506849,291,381
MR0118,2,2,4,0,7302,0.049519856770833336,68,200,319,363,251,163,251,1.5298804780876494,353,217
MR0119,3,1,3,0,12084,0.08194986979166667,130,184,303,359,173,175,175,2.1942857142857144,243,235
MR0120,4,3,3,0,16065,0.10894775390625,77,182,280,350,203,168,203,1.8916256157635467,285,236
MR0121,2,3,4,0,11511,0.07806396484375,51,45,317,360,266,315,315,1.2190476190476192,371,384
MR0122,3,5,3,0,15731,0.10668267144097222,74,172,292,353,218,181,218,1.761467889908257,306,249
MR0095,2,1,8,0,15099,0.10239664713541667,109,85,336,354,227,269,269,1.4275092936802973,319,353
MR0094,1,3,9,0,12693,0.08607991536458333,74,125,318,358,244,233,244,1.5737704918032787,342,306
MR0093,4,1,9,0,25710,0.17435709635416666,57,74,280,359,223,285,285,1.3473684210526315,313,367
MR0092,2,5,6,0,18671,0.1266208224826389,105,124,336,357,231,233,233,1.648068669527897,325,307
MR0064,0,1,7,0,11587,0.0785793728298611,59,119,305,304,246,185,246,1.5609756097560976,346,259
MR0065,2,4,8,0,11491,0.07792833116319445,53,116,285,311,232,195,232,1.6551724137931034,326,273
MR0066,2,4,7,0,18800,0.1274956597222222,91,116,336,315,245,199,245,1.5673469387755101,342,279
MR0067,1,4,9,0,16011,0.10858154296875,60,16,317,297,257,281,281,1.3665480427046264,361,354
MR0068,3,1,8,0,17503,0.11869981553819445,85,19,330,306,245,287,287,1.3379790940766552,343,364
MR0070,0,5,6,0,21542,0.1460910373263889,63,119,331,317,268,198,268,1.4328358208955223,375,278
MR0071,4,1,7,0,22863,0.15504964192708334,87,115,318,355,231,240,240,1.6,325,317
MR0072,4,3,9,0,22468,0.1523708767361111,64,104,302,352,238,248,248,1.5483870967741935,334,330
MR0073,0,5,8,0,16873,0.11442735460069445,56,120,325,302,269,182,269,1.4275092936802973,377,256
MR0074,2,2,7,0,20484,0.138916015625,93,117,331,351,238,234,238,1.6134453781512605,334,314
MR0075,2,2,6,0,9127,0.061896430121527776,52,116,236,348,184,232,232,1.6551724137931034,258,315
MR0076,1,2,9,0,10429,0.07072618272569445,68,106,312,283,244,177,244,1.5737704918032787,342,249
MR0247,2,3,5,0,15989,0.1084323459201389,50,89,329,360,279,271,279,1.3763440860215055,384,350
MR0077,3,4,9,0,22661,0.1536797417534722,93,64,336,324,243,260,260,1.476923076923077,340,364
MR0079,2,2,8,0,14595,0.09897867838541667,66,120,329,293,263,173,263,1.4600760456273765,369,243
MR0080,3,2,8,0,19193,0.1301608615451389,88,125,332,341,244,216,244,1.5737704918032787,342,303
MR0081,2,3,6,0,12555,0.08514404296875,57,124,276,287,219,163,219,1.7534246575342465,307,229
MR0082,1,5,7,0,13165,0.08928087022569445,55,117,323,360,268,243,268,1.4328358208955223,376,316
MR0083,3,1,6,0,16859,0.11433241102430555,106,120,336,355,230,235,235,1.6340425531914893,322,311
MR0084,3,1,6,0,17206,0.11668565538194445,50,127,275,357,225,230,230,1.6695652173913043,315,303
MR0085,1,3,7,0,15012,0.101806640625,69,126,319,359,250,233,250,1.536,350,305
MR0086,3,4,7,0,18441,0.12506103515625,106,123,335,363,229,240,240,1.6,321,309
MR0087,4,2,8,0,21604,0.1465115017361111,55,75,283,352,228,277,277,1.3862815884476534,320,365
MR0088,1,5,9,0,14890,0.1009792751736111,71,126,327,358,256,232,256,1.5,360,305
MR0089,3,3,8,0,17818,0.12083604600694445,138,20,336,356,198,336,336,1.1428571428571428,278,384
MR0090,3,1,7,0,17688,0.11995442708333333,55,70,262,352,207,282,282,1.3617021276595744,291,371
MR0091,1,3,7,0,16072,0.10899522569444445,71,122,316,361,245,239,245,1.5673469387755101,343,310
MR0078,3,5,9,0,8929,0.060553656684027776,53,114,232,276,179,162,179,2.1452513966480447,251,228
MR0498,3,2,4,0,16209,0.10992431640625,48,156,292,349,244,193,244,1.5737704918032787,341,267
MR0248,3,5,5,0,18570,0.12593587239583334,112,95,336,352,224,257,257,1.4941634241245136,314,341
MR0250,2,4,4,0,12171,0.08253987630208333,55,195,323,320,268,125,268,1.4328358208955223,376,175
MR0407,3,2,4,0,15054,0.10209147135416667,111,191,323,357,212,166,212,1.8113207547169812,298,227
MR0408,2,2,6,0,15263,0.10350884331597222,63,84,303,355,240,271,271,1.4169741697416973,336,355
MR0409,2,4,4,0,26460,0.179443359375,64,48,319,360,255,312,312,1.2307692307692308,357,384
MR0410,3,5,5,0,13725,0.09307861328125,132,36,320,357,188,321,321,1.1962616822429906,264,384
MR0411,2,5,5,0,11789,0.07994927300347222,61,28,246,354,185,326,326,1.177914110429448,259,384
MR0412,1,3,1,0,69,0.0004679361979166667,180,337,197,346,17,9,17,22.58823529411765,25,13
MR0413,4,5,5,0,17976,0.12190755208333333,69,72,303,356,234,284,284,1.352112676056338,328,369
MR0414,3,4,3,0,12240,0.0830078125,68,194,292,352,224,158,224,1.7142857142857142,314,222
MR0415,2,4,3,0,7663,0.05196804470486111,55,200,313,290,258,90,258,1.4883720930232558,362,126
MR0416,3,4,5,0,11113,0.07536485460069445,84,147,298,360,214,213,214,1.794392523364486,300,280
MR0417,3,3,6,0,10287,0.06976318359375,63,137,304,296,241,159,241,1.5933609958506223,339,223
MR0418,1,3,7,0,15024,0.10188802083333333,69,73,316,288,247,215,247,1.5546558704453441,347,301
MR0419,3,5,4,0,5814,0.0394287109375,86,83,254,359,168,276,276,1.391304347826087,236,357
MR0420,4,3,6,0,9405,0.06378173828125,108,89,334,360,226,271,271,1.4169741697416973,318,350
MR0421,3,5,7,0,8775,0.05950927734375,70,76,321,357,251,281,281,1.3665480427046264,353,365
MR0422,2,1,5,0,10406,0.07057020399305555,132,79,330,359,198,280,280,1.3714285714285714,278,361
MR0423,4,3,5,0,11300,0.0766330295138889,77,77,263,355,186,278,278,1.381294964028777,262,363
MR0424,3,2,4,0,8909,0.060418023003472224,70,196,322,357,252,161,252,1.5238095238095237,354,221
MR0425,2,4,6,0,10773,0.07305908203125,133,146,297,354,164,208,208,1.8461538461538463,230,280
MR0426,3,4,5,0,10955,0.07429334852430555,48,168,280,356,232,188,232,1.6551724137931034,326,254
MR0427,3,4,5,0,18905,0.1282077365451389,68,73,326,361,258,288,288,1.3333333333333333,362,369
MR0428,2,1,4,0,14805,0.10040283203125,109,78,304,360,195,282,282,1.3617021276595744,273,363
MR0429,3,3,4,0,11096,0.07524956597222222,89,80,266,362,177,282,282,1.3617021276595744,249,361
MR0430,2,4,4,0,2608,0.017686631944444444,138,83,320,358,182,275,275,1.3963636363636365,256,356
MR0431,1,4,4,0,15513,0.10520426432291667,117,83,307,356,190,273,273,1.4065934065934067,266,356
MR0432,3,2,3,0,14287,0.0968899197048611,82,175,281,354,199,179,199,1.92964824120603,279,245
MR0433,2,3,1,0,2327,0.015780978732638888,128,323,228,357,100,34,100,3.84,140,48
MR0406,2,1,4,0,15302,0.10377332899305555,60,189,327,361,267,172,267,1.4382022471910112,375,230
MR0434,0,2,2,0,4744,0.032172309027777776,128,203,304,354,176,151,176,2.1818181818181817,248,212
MR0405,3,1,5,0,17355,0.11769612630208333,57,63,260,355,203,292,292,1.3150684931506849,285,380
MR0403,2,5,6,0,18840,0.12776692708333334,60,36,303,357,243,321,321,1.1962616822429906,341,384
MR0376,4,3,4,0,3161,0.021436903211805556,124,70,317,273,193,203,203,1.8916256157635467,271,285
MR0377,4,1,6,0,8202,0.055623372395833336,75,60,262,290,187,230,230,1.6695652173913043,263,322
MR0378,4,4,4,0,13516,0.09166124131944445,113,49,304,282,191,233,233,1.648068669527897,269,327
MR0379,4,5,4,0,18552,0.12581380208333334,63,45,319,336,256,291,291,1.3195876288659794,360,384
MR0380,4,1,4,0,21951,0.14886474609375,111,53,335,342,224,289,289,1.328719723183391,314,384
MR0381,4,5,4,0,19675,0.1334296332465278,48,53,279,339,231,286,286,1.3426573426573427,325,384
MR0382,4,2,5,0,14971,0.1015285915798611,64,74,318,322,254,248,254,1.5118110236220472,356,348
MR0383,3,5,4,0,14812,0.10045030381944445,48,58,268,328,220,270,270,1.4222222222222223,308,378
MR0384,4,5,3,0,16179,0.10972086588541667,115,179,336,339,221,160,221,1.737556561085973,311,224
MR0385,2,2,4,0,12223,0.08289252387152778,78,59,311,330,233,271,271,1.4169741697416973,327,380
MR0386,3,5,4,0,19027,0.1290351019965278,121,46,336,340,215,294,294,1.3061224489795917,301,384
MR0387,3,3,5,0,12947,0.0878024631076389,48,61,277,329,229,268,268,1.4328358208955223,321,376
MR0388,3,4,6,0,8987,0.06094699435763889,63,196,319,360,256,164,256,1.5,360,221
MR0389,2,5,4,0,5718,0.038777669270833336,126,203,336,357,210,154,210,1.8285714285714285,294,212
MR0390,2,1,3,0,6986,0.04737684461805555,73,196,228,353,155,157,157,2.445859872611465,217,220
MR0391,1,1,2,0,812,0.005506727430555556,153,210,246,269,93,59,93,4.129032258064516,131,83
MR0392,2,1,4,0,4626,0.0313720703125,141,196,323,354,182,158,182,2.10989010989011,256,220
MR0393,2,5,4,0,5455,0.036994086371527776,75,205,236,353,161,148,161,2.3850931677018634,227,208
MR0394,3,2,5,0,15485,0.1050143771701389,66,61,313,360,247,299,299,1.2842809364548495,347,383
MR0395,3,5,6,0,10675,0.07239447699652778,154,61,320,359,166,298,298,1.2885906040268456,234,383
MR0396,3,5,6,0,15206,0.1031222873263889,48,70,267,357,219,287,287,1.3379790940766552,307,372
MR0397,2,2,5,0,11619,0.07879638671875,75,41,325,360,250,319,319,1.2037617554858935,350,384
MR0398,3,5,6,0,19943,0.1352471245659722,103,39,328,359,225,320,320,1.2,315,384
MR0399,2,1,6,0,11735,0.07958306206597222,62,49,253,354,191,305,305,1.259016393442623,269,384
MR0400,2,3,5,0,14024,0.09510633680555555,66,87,320,357,254,270,270,1.4222222222222223,356,351
MR0401,3,1,5,0,14716,0.09979926215277778,139,71,325,353,186,282,282,1.3617021276595744,262,370
MR0402,2,4,7,0,11731,0.0795559353298611,59,75,282,354,223,279,279,1.3763440860215055,313,365
MR0404,3,2,5,0,18816,0.12760416666666666,138,48,322,354,184,306,306,1.2549019607843137,258,384
MR0435,0,3,4,0,11586,0.07857259114583333,77,78,267,359,190,281,281,1.3665480427046264,266,363
MR0436,2,3,2,0,2906,0.019707573784722224,137,180,312,255,175,75,175,2.1942857142857144,245,105
MR0437,2,1,3,0,6333,0.042948404947916664,147,173,318,256,171,83,171,2.245614035087719,241,117
MR0470,1,1,8,0,29359,0.1991034613715278,96,24,336,355,240,331,331,1.1601208459214503,336,384
MR0471,4,5,5,0,19134,0.1297607421875,49,37,281,363,232,326,326,1.177914110429448,326,384
MR0472,2,2,8,0,19571,0.1327243381076389,73,34,323,363,250,329,329,1.1671732522796352,350,384
MR0473,2,2,7,0,28375,0.19243028428819445,95,24,336,353,241,329,329,1.1671732522796352,338,384
MR0474,4,1,9,0,27920,0.18934461805555555,49,20,290,360,241,340,340,1.1294117647058823,339,384
MR0475,3,4,8,0,10953,0.07427978515625,65,42,316,363,251,321,321,1.1962616822429906,353,384
MR0476,1,2,6,0,21785,0.1477389865451389,105,32,320,356,215,324,324,1.1851851851851851,301,384
MR0477,3,3,6,0,20995,0.14238145616319445,77,32,292,356,215,324,324,1.1851851851851851,301,384
MR0478,3,5,4,0,1802,0.012220594618055556,127,68,260,339,133,271,271,1.4169741697416973,187,371
MR0479,1,5,7,0,12893,0.0874362521701389,103,26,325,354,222,328,328,1.170731707317073,312,384
MR0480,2,3,4,0,10117,0.06861029730902778,86,60,268,355,182,295,295,1.3016949152542372,256,383
MR0481,2,3,4,0,4174,0.028306749131944444,140,71,240,358,100,287,287,1.3379790940766552,140,371
MR0482,1,5,6,0,13737,0.09315999348958333,98,76,308,367,210,291,291,1.3195876288659794,294,367
MR0483,3,2,5,0,14367,0.09743245442708333,75,28,272,353,197,325,325,1.1815384615384616,277,384
MR0484,2,5,6,0,16732,0.11347113715277778,74,44,317,360,243,316,316,1.2151898734177216,341,384
MR0485,2,5,5,0,23400,0.15869140625,97,40,336,358,239,318,318,1.2075471698113207,335,384
MR0486,3,2,6,0,17043,0.11558024088541667,48,49,280,357,232,308,308,1.2467532467532467,326,384
MR0487,3,2,5,0,11748,0.07967122395833333,48,33,328,280,280,247,280,1.3714285714285714,384,330
MR0488,0,2,4,0,16066,0.10895453559027778,89,146,336,357,247,211,247,1.5546558704453441,345,281
MR0489,1,2,5,0,15856,0.10753038194444445,48,65,290,357,242,292,292,1.3150684931506849,339,378
MR0490,2,1,5,0,12707,0.08617485894097222,54,175,327,361,273,186,273,1.4065934065934067,382,247
MR0491,0,3,6,0,18147,0.12306722005208333,94,125,336,358,242,233,242,1.5867768595041323,339,306
MR0492,4,4,3,0,11011,0.0746731228298611,48,164,294,310,246,146,246,1.5609756097560976,344,206
MR0493,0,2,5,0,15065,0.10216606987847222,54,161,330,360,276,199,276,1.391304347826087,384,263
MR0494,0,4,5,0,17324,0.11748589409722222,86,145,336,359,250,214,250,1.536,348,282
MR0495,2,1,4,0,15444,0.104736328125,48,165,294,357,246,192,246,1.5609756097560976,344,258
MR0496,2,3,3,0,11949,0.08103434244791667,54,171,331,354,277,183,277,1.3862815884476534,384,250
MR0469,2,4,6,0,7922,0.05372450086805555,70,83,323,359,253,276,276,1.391304347826087,355,357
MR0468,2,3,4,0,19877,0.1347995334201389,62,40,284,355,222,315,315,1.2190476190476192,312,384
MR0467,2,2,5,0,14998,0.1017116970486111,80,74,336,356,256,282,282,1.3617021276595744,356,367
MR0466,3,4,5,0,12244,0.0830349392361111,74,58,311,363,237,305,305,1.259016393442623,333,384
MR0438,2,2,4,0,9675,0.06561279296875,48,168,252,352,204,184,204,1.8823529411764706,286,253
MR0439,3,3,4,0,5989,0.04061550564236111,132,177,316,359,184,182,184,2.0869565217391304,258,244
MR0440,1,2,4,0,10793,0.07319471571180555,97,118,314,353,217,235,235,1.6340425531914893,305,313
MR0441,2,2,8,0,13116,0.08894856770833333,63,29,282,353,219,324,324,1.1851851851851851,307,384
MR0442,2,1,6,0,9348,0.06339518229166667,64,159,321,362,257,203,257,1.4941634241245136,361,266
MR0443,2,3,4,0,13152,0.08919270833333333,63,101,293,360,230,259,259,1.4826254826254825,322,335
MR0444,2,2,3,0,9180,0.062255859375,132,159,305,360,173,201,201,1.9104477611940298,243,266
MR0445,2,4,5,0,28081,0.1904364691840278,66,48,334,361,268,313,313,1.2268370607028753,372,384
MR0446,3,3,6,0,28147,0.1908840603298611,94,42,336,359,242,317,317,1.2113564668769716,339,384
MR0447,4,5,6,0,32447,0.22004530164930555,48,42,311,364,263,322,322,1.1925465838509317,364,384
MR0448,4,2,5,0,30312,0.20556640625,85,80,336,364,251,284,284,1.352112676056338,350,361
MR0449,4,1,5,0,28033,0.19011094835069445,48,83,301,360,253,277,277,1.3862815884476534,352,357
MR0450,4,5,5,0,28530,0.1934814453125,50,79,333,361,283,282,283,1.3568904593639577,384,362
MR0375,4,1,3,0,7857,0.05328369140625,97,161,271,314,174,153,174,2.206896551724138,244,215
MR0451,3,4,5,0,26618,0.1805148654513889,50,37,328,352,278,315,315,1.2190476190476192,384,384
MR0453,4,4,6,0,30504,0.20686848958333334,48,55,300,357,252,302,302,1.271523178807947,351,384
MR0454,4,1,4,0,28618,0.19407823350694445,50,87,332,357,282,270,282,1.3617021276595744,384,351
MR0455,3,3,5,0,27725,0.1880221896701389,73,81,336,363,263,282,282,1.3617021276595744,364,360
MR0456,4,3,5,0,29138,0.1976047092013889,48,83,303,358,255,275,275,1.3963636363636365,354,356
MR0457,4,4,5,0,24463,0.1659003363715278,48,78,332,359,284,281,284,1.352112676056338,384,363
MR0458,2,1,5,0,24345,0.16510009765625,84,86,336,357,252,271,271,1.4169741697416973,351,353
MR0459,3,3,5,0,24087,0.16335042317708334,48,53,295,351,247,298,298,1.2885906040268456,345,384
MR0460,3,2,7,0,21283,0.14433458116319445,55,45,333,360,278,315,315,1.2190476190476192,384,384
MR0461,2,4,5,0,26985,0.18300374348958334,71,59,336,357,265,298,298,1.2885906040268456,366,384
MR0462,4,1,5,0,23450,0.1590304904513889,48,67,314,359,266,292,292,1.3150684931506849,368,376
MR0463,4,3,4,0,5565,0.037740071614583336,77,89,234,361,157,272,272,1.411764705882353,221,350
MR0464,2,3,6,0,20667,0.14015706380208334,82,65,336,362,254,297,297,1.292929292929293,353,379
MR0465,4,2,4,0,16278,0.11039225260416667,80,52,289,356,209,304,304,1.263157894736842,293,384
MR0452,3,2,5,0,26045,0.1766289605034722,90,74,336,352,246,278,278,1.381294964028777,344,366
MR0374,4,4,5,0,6625,0.044928656684027776,169,71,335,354,166,283,283,1.3568904593639577,234,370
MR0373,0,3,1,0,117,0.00079345703125,120,208,134,228,14,20,20,19.2,20,28
MR0372,2,1,7,0,7126,0.04832628038194445,71,178,275,351,204,173,204,1.8823529411764706,286,241
MR0283,2,2,6,0,17094,0.11592610677083333,48,36,331,319,283,283,283,1.3568904593639577,384,376
MR0284,2,5,5,0,18909,0.12823486328125,72,37,336,338,264,301,301,1.2757475083056478,365,384
MR0285,3,1,9,0,19556,0.1326226128472222,48,38,307,366,259,328,328,1.170731707317073,359,384
MR0286,1,4,5,0,14363,0.09740532769097222,48,191,336,348,288,157,288,1.3333333333333333,384,221
MR0287,3,5,8,0,19799,0.1342705620659722,75,51,336,346,261,295,295,1.3016949152542372,362,384
MR0288,3,3,5,0,20587,0.1396145290798611,48,37,318,339,270,302,302,1.271523178807947,372,384
MR0289,2,1,7,0,21453,0.14548746744791666,48,47,334,331,286,284,286,1.3426573426573427,384,384
MR0290,4,4,6,0,24371,0.1652764214409722,68,37,336,355,268,318,318,1.2075471698113207,370,384
MR0291,3,4,4,0,17300,0.11732313368055555,48,163,304,342,256,179,256,1.5,356,251
MR0292,3,5,7,0,19369,0.1313544379340278,48,50,330,361,282,311,311,1.234726688102894,384,384
MR0293,3,2,8,0,22615,0.15336778428819445,73,52,336,359,263,307,307,1.250814332247557,364,384
MR0294,3,3,7,0,21673,0.1469794379340278,48,52,314,360,266,308,308,1.2467532467532467,368,384
MR0295,2,5,4,0,14758,0.10008409288194445,48,188,333,319,285,131,285,1.3473684210526315,384,185
MR0297,2,4,4,0,22844,0.15492078993055555,71,143,335,366,264,223,264,1.4545454545454546,366,286
MR0298,3,4,4,0,17132,0.1161838107638889,53,178,333,361,280,183,280,1.3714285714285714,384,243
MR0299,2,3,4,0,22222,0.1507025824652778,81,182,336,356,255,174,255,1.5058823529411764,354,237
MR0300,4,5,4,0,17618,0.1194797092013889,48,87,312,333,264,246,264,1.4545454545454546,365,346
MR0301,3,4,4,0,16807,0.1139797634548611,54,180,336,345,282,165,282,1.3617021276595744,384,231
MR0302,1,3,5,0,18881,0.1280449761284722,48,137,319,347,271,210,271,1.4169741697416973,374,289
MR0303,2,1,4,0,23207,0.1573825412326389,75,148,336,356,261,208,261,1.471264367816092,362,278
MR0304,3,5,5,0,25892,0.1755913628472222,71,43,322,329,251,286,286,1.3426573426573427,353,384
MR0305,4,3,6,0,19268,0.1306694878472222,108,48,336,332,228,284,284,1.352112676056338,320,384
MR0306,4,2,6,0,22845,0.15492757161458334,48,45,276,327,228,282,282,1.3617021276595744,320,384
MR0307,4,2,8,0,17744,0.1203342013888889,71,69,323,361,252,292,292,1.3150684931506849,354,374
MR0308,4,5,5,0,16238,0.11012098524305555,130,76,334,348,204,272,272,1.411764705882353,286,363
MR0309,4,2,5,0,14603,0.0990329318576389,48,52,246,340,198,288,288,1.3333333333333333,278,384
MR0282,3,4,9,0,16557,0.11228434244791667,49,75,312,340,263,265,265,1.4490566037735848,365,362
MR0281,2,1,4,0,15458,0.1048312717013889,76,93,336,325,260,232,260,1.476923076923077,360,326
MR0280,2,2,4,0,15438,0.10469563802083333,48,186,336,319,288,133,288,1.3333333333333333,384,187
MR0279,3,4,7,0,20573,0.1395195855034722,48,40,308,340,260,300,300,1.28,360,384
MR0251,3,3,5,0,14393,0.09760877821180555,88,182,336,356,248,174,248,1.5483870967741935,346,237
MR0252,3,4,4,0,13651,0.09257676866319445,51,186,284,327,233,141,233,1.648068669527897,327,199
MR0253,3,5,5,0,15527,0.10529920789930555,52,39,322,321,270,282,282,1.3617021276595744,376,378
MR0254,4,2,8,0,18015,0.12217203776041667,92,74,336,359,244,285,285,1.3473684210526315,341,367
MR0255,4,5,5,0,15733,0.10669623480902778,48,68,282,332,234,264,264,1.4545454545454546,328,369
MR0256,4,1,3,0,17379,0.11785888671875,57,43,330,330,273,287,287,1.3379790940766552,382,384
MR0257,4,5,5,0,20007,0.13568115234375,89,51,336,372,247,321,321,1.1962616822429906,345,384
MR0258,4,4,4,0,18293,0.1240573459201389,48,39,292,339,244,300,300,1.28,341,384
MR0259,4,4,7,0,15220,0.10321723090277778,58,63,330,355,272,292,292,1.3150684931506849,381,380
MR0260,4,2,7,0,14070,0.09541829427083333,103,66,336,357,233,291,291,1.3195876288659794,327,377
MR0261,4,1,5,0,12681,0.08599853515625,50,84,278,335,228,251,251,1.5298804780876494,320,351
MR0262,3,2,5,0,14456,0.09803602430555555,57,70,323,317,266,247,266,1.443609022556391,374,347
MR0263,4,5,5,0,15744,0.10677083333333333,105,65,336,314,231,249,249,1.5421686746987953,325,349
MR0310,3,2,5,0,16317,0.11065673828125,71,56,328,329,257,273,273,1.4065934065934067,361,383
MR0264,4,1,6,0,13197,0.08949788411458333,48,68,282,317,234,249,249,1.5421686746987953,328,349
MR0266,3,3,4,0,18022,0.1222195095486111,78,131,336,342,258,211,258,1.4883720930232558,358,296
MR0267,3,2,4,0,16859,0.11433241102430555,48,98,304,336,256,238,256,1.5,356,334
MR0268,4,4,5,0,22431,0.15211995442708334,48,129,336,357,288,228,288,1.3333333333333333,384,301
MR0269,4,1,4,0,22566,0.15303548177083334,74,115,336,339,262,224,262,1.465648854961832,363,314
MR0270,4,2,5,0,15784,0.10704210069444445,48,170,298,310,250,140,250,1.536,348,196
MR0271,3,1,6,0,19090,0.1294623480902778,48,125,334,362,286,237,286,1.3426573426573427,384,307
MR0272,3,3,5,0,18148,0.1230740017361111,75,126,336,322,261,196,261,1.471264367816092,362,276
MR0273,3,5,5,0,12221,0.08287896050347222,48,177,311,315,263,138,263,1.4600760456273765,364,194
MR0274,2,2,6,0,14564,0.09876844618055555,49,73,332,333,283,260,283,1.3568904593639577,384,363
MR0275,3,4,6,0,17572,0.1191677517361111,48,65,301,347,253,282,282,1.3617021276595744,352,376
MR0276,3,2,3,0,18935,0.1284111870659722,66,182,336,333,270,151,270,1.4222222222222223,372,213
MR0277,3,4,6,0,18660,0.12654622395833334,48,41,334,333,286,292,292,1.3150684931506849,384,384
MR0278,3,4,6,0,17581,0.1192287868923611,73,82,336,333,263,251,263,1.4600760456273765,364,353
MR0265,3,3,8,0,18250,0.12376573350694445,48,72,334,360,286,288,288,1.3333333333333333,384,370
MR0249,3,1,5,0,16177,0.1097073025173611,48,91,262,357,214,266,266,1.443609022556391,300,347
MR0311,3,5,5,0,13972,0.0947536892361111,139,62,336,341,197,279,279,1.3763440860215055,277,378
MR0313,3,1,9,0,14265,0.09674072265625,64,67,328,333,264,266,266,1.443609022556391,370,371
MR0345,4,2,5,0,16558,0.11229112413194445,48,83,255,353,207,270,270,1.4222222222222223,291,355
MR0346,1,1,3,0,14950,0.10138617621527778,70,196,316,361,246,165,246,1.5609756097560976,346,221
MR0347,3,3,4,0,16360,0.11094835069444445,129,104,336,353,207,249,249,1.5421686746987953,291,330
MR0348,4,4,5,0,19481,0.1321139865451389,48,72,281,361,233,289,289,1.328719723183391,327,370
MR0349,2,1,5,0,19388,0.13148328993055555,66,97,311,365,245,268,268,1.4328358208955223,343,341
MR0350,3,1,5,0,17303,0.1173434787326389,137,76,336,364,199,288,288,1.3333333333333333,279,366
MR0351,3,3,6,0,16170,0.10965983072916667,48,84,247,357,199,273,273,1.4065934065934067,279,355
MR0352,2,1,5,0,14892,0.10099283854166667,64,85,301,311,237,226,237,1.620253164556962,333,318
MR0353,3,1,6,0,15273,0.10357666015625,135,77,336,359,201,282,282,1.3617021276595744,283,364
MR0354,3,4,4,0,12089,0.08198377821180555,48,93,277,355,229,262,262,1.465648854961832,321,344
MR0355,2,3,4,0,16947,0.11492919921875,52,53,326,301,274,248,274,1.4014598540145986,381,348
MR0356,4,5,4,0,20420,0.1384819878472222,94,59,336,334,242,275,275,1.3963636363636365,339,380
MR0357,4,5,3,0,15742,0.10675726996527778,58,52,283,304,225,252,252,1.5238095238095237,315,354
MR0358,3,4,4,0,17218,0.11676703559027778,58,55,328,318,270,263,270,1.4222222222222223,378,369
MR0359,3,2,4,0,20408,0.1384006076388889,89,62,336,333,247,271,271,1.4169741697416973,345,377
MR0360,3,5,4,0,15165,0.10284423828125,48,49,286,304,238,255,255,1.5058823529411764,334,355
MR0361,3,4,4,0,17545,0.1189846462673611,56,54,323,310,267,256,267,1.4382022471910112,375,360
MR0362,3,1,4,0,17725,0.1202053493923611,97,55,336,319,239,264,264,1.4545454545454546,335,370
MR0363,3,1,4,0,15405,0.10447184244791667,48,52,291,304,243,252,252,1.5238095238095237,340,354
MR0364,0,1,2,0,808,0.005479600694444444,146,208,245,252,99,44,99,3.878787878787879,139,62
MR0365,1,4,4,0,5068,0.034369574652777776,147,194,308,317,161,123,161,2.3850931677018634,227,173
MR0366,1,5,4,0,1923,0.013041178385416666,78,175,271,254,193,79,193,1.9896373056994818,271,111
MR0367,1,2,2,0,1062,0.0072021484375,141,203,239,255,98,52,98,3.9183673469387754,138,74
MR0368,2,3,3,0,1416,0.009602864583333334,75,171,270,254,195,83,195,1.9692307692307693,273,117
MR0369,2,1,3,0,4814,0.032647026909722224,134,189,303,297,169,108,169,2.272189349112426,237,152
MR0370,0,2,4,0,4142,0.028089735243055556,73,204,314,274,241,70,241,1.5933609958506223,339,98
MR0371,1,3,4,0,5300,0.035942925347222224,130,199,315,357,185,158,185,2.075675675675676,259,217
MR0344,4,3,6,0,16305,0.11057535807291667,99,99,336,357,237,258,258,1.4883720930232558,333,337
MR0343,3,1,7,0,15637,0.1060451931423611,62,76,313,358,251,282,282,1.3617021276595744,353,365
MR0342,3,4,5,0,15370,0.10423448350694445,48,85,260,359,212,274,274,1.4014598540145986,298,354
MR0341,4,3,6,0,16376,0.1110568576388889,107,77,336,354,229,277,277,1.3862815884476534,321,363
MR0314,3,3,6,0,16976,0.11512586805555555,53,52,276,345,223,293,293,1.310580204778157,313,384
MR0315,3,2,4,0,11490,0.07792154947916667,126,89,333,307,207,218,218,1.761467889908257,291,306
MR0316,3,3,7,0,9683,0.06566704644097222,75,67,279,360,204,293,293,1.310580204778157,286,376
MR0317,4,5,3,0,15836,0.1073947482638889,114,67,307,352,193,285,285,1.3473684210526315,271,374
MR0318,3,4,4,0,21278,0.14430067274305555,56,38,285,342,229,304,304,1.263157894736842,321,384
MR0319,3,3,8,0,22654,0.1536322699652778,66,55,320,329,254,274,274,1.4014598540145986,356,384
MR0320,3,1,4,0,15920,0.10796440972222222,123,42,336,333,213,291,291,1.3195876288659794,299,384
MR0321,3,3,4,0,20947,0.1420559353298611,50,41,282,334,232,293,293,1.310580204778157,326,384
MR0322,1,5,2,0,3534,0.023966471354166668,49,191,326,275,277,84,277,1.3862815884476534,382,118
MR0323,2,2,3,0,15022,0.10187445746527778,69,186,298,361,229,175,229,1.6768558951965065,321,233
MR0324,2,5,3,0,9513,0.06451416015625,121,10,303,333,182,323,323,1.1888544891640866,256,384
MR0325,1,2,3,0,6741,0.04571533203125,54,192,336,362,282,170,282,1.3617021276595744,384,226
MR0312,3,2,5,0,16045,0.10881212022569445,52,56,271,332,219,276,276,1.391304347826087,307,384
MR0326,3,5,3,0,21575,0.14631483289930555,76,143,320,359,244,216,244,1.5737704918032787,342,285
MR0328,1,5,7,0,13777,0.09343126085069445,52,15,329,362,277,347,347,1.106628242074928,384,384
MR0329,2,5,6,0,22933,0.1555243598090278,78,111,315,357,237,246,246,1.5609756097560976,333,323
MR0330,2,4,4,0,11178,0.0758056640625,72,4,302,355,230,351,351,1.0940170940170941,322,384
MR0331,0,5,3,0,9890,0.06707085503472222,48,186,321,361,273,175,273,1.4065934065934067,376,233
MR0332,1,3,3,0,18272,0.12391493055555555,63,164,285,360,222,196,222,1.7297297297297298,312,260
MR0333,2,1,5,0,13624,0.09239366319444445,82,2,308,356,226,354,354,1.0847457627118644,318,384
MR0334,1,1,3,0,4032,0.02734375,183,196,332,353,149,157,157,2.445859872611465,209,220
MR0335,2,2,4,0,11825,0.08019341362847222,111,11,307,350,196,339,339,1.1327433628318584,276,384
MR0336,1,3,3,0,16908,0.11466471354166667,61,172,308,355,247,183,247,1.5546558704453441,347,249
MR0337,2,5,5,0,17074,0.11579047309027778,69,59,317,361,248,302,302,1.271523178807947,348,384
MR0338,4,3,5,0,21685,0.1470608181423611,48,52,261,359,213,307,307,1.250814332247557,299,384
MR0339,4,3,4,0,17065,0.11572943793402778,102,154,336,360,234,206,234,1.641025641025641,328,272
MR0340,4,4,6,0,16116,0.10929361979166667,64,98,314,357,250,259,259,1.4826254826254825,350,338
MR0327,1,1,3,0,12614,0.0855441623263889,75,180,315,358,240,178,240,1.6,336,240
MR1000,3,2,9,0,31405,0.2129787868923611,51,41,306,349,255,308,308,1.2467532467532467,357,384
