record_type,channel,training_seed,accuracy,macro_f1,mae,adjacent_error_rate,far_error_rate,fold,train_n,eval_n,majority_acc,train_minutes,precision_0,recall_0,f1_0,precision_1,recall_1,f1_1,precision_2,recall_2,f1_2,precision_3,recall_3,f1_3,precision_4,recall_4,f1_4,accuracy_std,macro_f1_std,mae_std,adjacent_error_rate_std,far_error_rate_std
fold_raw,M,42,0.425,0.3775856023264158,0.79,0.39,0.185,1.0,796.0,200.0,0.325,2.39,0.125,0.125,0.125,0.5882352941176471,0.4166666666666667,0.4878048780487805,0.32653061224489793,0.35555555555555557,0.3404255319148936,0.4305555555555556,0.47692307692307695,0.45255474452554745,0.5,0.46551724137931033,0.48214285714285715,,,,,
fold_raw,M,42,0.44221105527638194,0.43263973392523913,0.7286432160804021,0.4221105527638191,0.135678391959799,2.0,797.0,199.0,0.32663316582914576,2.41,0.5,0.2857142857142857,0.36363636363636365,0.5,0.52,0.5098039215686274,0.3673469387755102,0.4,0.3829787234042553,0.4528301886792453,0.36923076923076925,0.4067796610169492,0.4626865671641791,0.543859649122807,0.5,,,,,
fold_raw,M,42,0.4824120603015075,0.42505126452494874,0.6834170854271356,0.38190954773869346,0.135678391959799,3.0,797.0,199.0,0.32663316582914576,2.38,1.0,0.14285714285714285,0.25,0.47368421052631576,0.36,0.4090909090909091,0.4358974358974359,0.37777777777777777,0.40476190476190477,0.4457831325301205,0.5692307692307692,0.5,0.5614035087719298,0.5614035087719298,0.5614035087719298,,,,,
fold_raw,M,42,0.41708542713567837,0.35872843418482364,0.7788944723618091,0.4221105527638191,0.16080402010050251,4.0,797.0,199.0,0.3316582914572864,2.37,0.14285714285714285,0.14285714285714285,0.14285714285714285,0.5,0.52,0.5098039215686274,0.26666666666666666,0.18181818181818182,0.21621621621621623,0.44,0.3333333333333333,0.3793103448275862,0.45348837209302323,0.6842105263157895,0.5454545454545454,,,,,
fold_raw,M,42,0.48743718592964824,0.4116533642654341,0.6984924623115578,0.35678391959798994,0.15577889447236182,5.0,797.0,199.0,0.32663316582914576,2.37,0.2,0.14285714285714285,0.16666666666666666,0.44,0.4583333333333333,0.4489795918367347,0.3783783783783784,0.3111111111111111,0.34146341463414637,0.5714285714285714,0.4307692307692308,0.49122807017543857,0.5180722891566265,0.7413793103448276,0.6099290780141844,,,,,
fold_raw,M,3407,0.445,0.36124911434704904,0.755,0.405,0.15,1.0,796.0,200.0,0.325,2.4,0.0,0.0,0.0,0.5238095238095238,0.4583333333333333,0.4888888888888889,0.3870967741935484,0.26666666666666666,0.3157894736842105,0.43010752688172044,0.6153846153846154,0.5063291139240507,0.5531914893617021,0.4482758620689655,0.49523809523809526,,,,,
fold_raw,M,3407,0.4371859296482412,0.39989719378213145,0.7989949748743719,0.39195979899497485,0.1708542713567839,2.0,797.0,199.0,0.32663316582914576,2.37,0.2,0.2857142857142857,0.23529411764705882,0.5454545454545454,0.48,0.5106382978723404,0.39285714285714285,0.24444444444444444,0.3013698630136986,0.42857142857142855,0.5076923076923077,0.4647887323943662,0.46774193548387094,0.5087719298245614,0.48739495798319327,,,,,
fold_raw,M,3407,0.41708542713567837,0.38186552103133553,0.7587939698492462,0.44221105527638194,0.1407035175879397,3.0,797.0,199.0,0.32663316582914576,2.38,0.25,0.2857142857142857,0.26666666666666666,0.4375,0.28,0.34146341463414637,0.3333333333333333,0.5111111111111111,0.40350877192982454,0.4528301886792453,0.36923076923076925,0.4067796610169492,0.5094339622641509,0.47368421052631576,0.4909090909090909,,,,,
fold_raw,M,3407,0.41708542713567837,0.3783596428962644,0.7537688442211056,0.4472361809045226,0.135678391959799,4.0,797.0,199.0,0.3316582914572864,2.38,0.25,0.14285714285714285,0.18181818181818182,0.5238095238095238,0.44,0.4782608695652174,0.30612244897959184,0.3409090909090909,0.3225806451612903,0.4117647058823529,0.42424242424242425,0.417910447761194,0.49122807017543857,0.49122807017543857,0.49122807017543857,,,,,
fold_raw,M,3407,0.49246231155778897,0.4194353015405647,0.6733668341708543,0.37185929648241206,0.135678391959799,5.0,797.0,199.0,0.32663316582914576,2.38,0.125,0.14285714285714285,0.13333333333333333,0.5714285714285714,0.3333333333333333,0.42105263157894735,0.4307692307692308,0.6222222222222222,0.509090909090909,0.5384615384615384,0.5384615384615384,0.5384615384615384,0.5531914893617021,0.4482758620689655,0.49523809523809526,,,,,
fold_raw,M,2026,0.42,0.3673143581157518,0.755,0.435,0.145,1.0,796.0,200.0,0.325,2.39,0.16666666666666666,0.125,0.14285714285714285,0.3870967741935484,0.5,0.43636363636363634,0.3018867924528302,0.35555555555555557,0.32653061224489793,0.4222222222222222,0.2923076923076923,0.34545454545454546,0.5538461538461539,0.6206896551724138,0.5853658536585366,,,,,
fold_raw,M,2026,0.38190954773869346,0.33219461697722563,0.8241206030150754,0.4623115577889447,0.15577889447236182,2.0,797.0,199.0,0.32663316582914576,2.36,0.14285714285714285,0.14285714285714285,0.14285714285714285,0.4666666666666667,0.28,0.35,0.3137254901960784,0.35555555555555557,0.3333333333333333,0.410958904109589,0.46153846153846156,0.43478260869565216,0.41509433962264153,0.38596491228070173,0.4,,,,,
fold_raw,M,2026,0.4824120603015075,0.40882596289604384,0.6733668341708543,0.38190954773869346,0.135678391959799,3.0,797.0,199.0,0.32663316582914576,2.37,0.16666666666666666,0.14285714285714285,0.15384615384615385,0.35714285714285715,0.4,0.37735849056603776,0.45714285714285713,0.35555555555555557,0.4,0.45121951219512196,0.5692307692307692,0.5034013605442177,0.6666666666666666,0.5614035087719298,0.6095238095238096,,,,,
fold_raw,M,2026,0.4120603015075377,0.3825151113076809,0.7788944723618091,0.4371859296482412,0.1507537688442211,4.0,797.0,199.0,0.3316582914572864,2.37,0.4,0.2857142857142857,0.3333333333333333,0.4230769230769231,0.44,0.43137254901960786,0.25,0.18181818181818182,0.21052631578947367,0.4,0.36363636363636365,0.38095238095238093,0.4868421052631579,0.6491228070175439,0.556390977443609,,,,,
fold_raw,M,2026,0.4723618090452261,0.41414071341257497,0.6984924623115578,0.3969849246231156,0.1306532663316583,5.0,797.0,199.0,0.32663316582914576,2.39,0.25,0.2857142857142857,0.26666666666666666,0.34782608695652173,0.3333333333333333,0.3404255319148936,0.45,0.4,0.4235294117647059,0.5306122448979592,0.4,0.45614035087719296,0.5063291139240507,0.6896551724137931,0.583941605839416,,,,,
seed_summary,M,42,0.4508291457286432,0.40113167984537224,0.7358894472361809,0.3945829145728643,0.15458793969849247,,,,,,,,,,,,,,,,,,,,,0.032471848949787614,0.03173351089643312,0.04738611402008183,0.02795497756550001,0.020494471400746353
seed_summary,M,3407,0.4417638190954774,0.388161354719469,0.7479849246231155,0.41165326633165833,0.14658291457286432,,,,,,,,,,,,,,,,,,,,,0.0309023184244804,0.022224813984767854,0.045742171779817854,0.03246375255447893,0.01477463847859491
seed_summary,M,2026,0.43374874371859296,0.38099815254185543,0.7459748743718593,0.422678391959799,0.14357286432160804,,,,,,,,,,,,,,,,,,,,,0.04244350926228906,0.03333222482665683,0.0608243674165581,0.032616450722850236,0.010390235610199297
final,M,all,0.4421139028475712,0.39009706236889885,0.7432830820770518,0.4096381909547739,0.14824790619765496,,,,,,,,,,,,,,,,,,,,,0.008545580856872285,0.010205388454067304,0.006481469943095469,0.014155718243198896,0.005693164253960936
fold_raw,MB,42,0.395,0.328392037439262,0.83,0.43,0.175,1.0,796.0,200.0,0.325,2.36,0.0,0.0,0.0,0.5,0.5,0.5,0.275,0.24444444444444444,0.25882352941176473,0.4155844155844156,0.49230769230769234,0.4507042253521127,0.4528301886792453,0.41379310344827586,0.43243243243243246,,,,,
fold_raw,MB,42,0.4120603015075377,0.33932773288871787,0.7537688442211056,0.45226130653266333,0.135678391959799,2.0,797.0,199.0,0.32663316582914576,2.37,0.0,0.0,0.0,0.6,0.36,0.45,0.35294117647058826,0.5333333333333333,0.4247787610619469,0.3924050632911392,0.47692307692307695,0.4305555555555556,0.5142857142857142,0.3157894736842105,0.391304347826087,,,,,
fold_raw,MB,42,0.4623115577889447,0.40689954376803783,0.7135678391959799,0.3969849246231156,0.1407035175879397,3.0,797.0,199.0,0.32663316582914576,2.4,0.16666666666666666,0.14285714285714285,0.15384615384615385,0.6470588235294118,0.44,0.5238095238095238,0.3541666666666667,0.37777777777777777,0.3655913978494624,0.43137254901960786,0.3384615384615385,0.3793103448275862,0.5324675324675324,0.7192982456140351,0.6119402985074627,,,,,
fold_raw,MB,42,0.4472361809045226,0.3724740466646109,0.6984924623115578,0.41708542713567837,0.135678391959799,4.0,797.0,199.0,0.3316582914572864,2.4,0.0,0.0,0.0,0.5909090909090909,0.52,0.5531914893617021,0.34782608695652173,0.36363636363636365,0.35555555555555557,0.4305555555555556,0.4696969696969697,0.4492753623188406,0.5,0.5087719298245614,0.5043478260869565,,,,,
fold_raw,MB,42,0.46733668341708545,0.43992667117828405,0.7437185929648241,0.36180904522613067,0.1708542713567839,5.0,797.0,199.0,0.32663316582914576,2.37,0.15789473684210525,0.42857142857142855,0.23076923076923078,0.65,0.5416666666666666,0.5909090909090909,0.3541666666666667,0.37777777777777777,0.3655913978494624,0.5333333333333333,0.36923076923076925,0.43636363636363634,0.5373134328358209,0.6206896551724138,0.576,,,,,
fold_raw,MB,3407,0.47,0.39353319187967595,0.725,0.385,0.145,1.0,796.0,200.0,0.325,2.38,0.14285714285714285,0.125,0.13333333333333333,0.5,0.375,0.42857142857142855,0.37142857142857144,0.28888888888888886,0.325,0.5,0.5692307692307692,0.5323741007194245,0.5151515151515151,0.5862068965517241,0.5483870967741935,,,,,
fold_raw,MB,3407,0.45226130653266333,0.44355161212280364,0.7336683417085427,0.4020100502512563,0.1457286432160804,2.0,797.0,199.0,0.32663316582914576,2.39,0.3333333333333333,0.42857142857142855,0.375,0.6,0.48,0.5333333333333333,0.32608695652173914,0.3333333333333333,0.32967032967032966,0.45454545454545453,0.46153846153846156,0.4580152671755725,0.5172413793103449,0.5263157894736842,0.5217391304347826,,,,,
fold_raw,MB,3407,0.47738693467336685,0.3877486338797814,0.7035175879396985,0.37185929648241206,0.1507537688442211,3.0,797.0,199.0,0.32663316582914576,2.39,0.0,0.0,0.0,0.48,0.48,0.48,0.38,0.4222222222222222,0.4,0.5087719298245614,0.4461538461538462,0.47540983606557374,0.5555555555555556,0.6140350877192983,0.5833333333333334,,,,,
fold_raw,MB,3407,0.457286432160804,0.3630273951400712,0.6934673366834171,0.41708542713567837,0.12562814070351758,4.0,797.0,199.0,0.3316582914572864,2.39,0.0,0.0,0.0,0.5294117647058824,0.36,0.42857142857142855,0.3695652173913043,0.38636363636363635,0.37777777777777777,0.4473684210526316,0.5151515151515151,0.4788732394366197,0.5166666666666667,0.543859649122807,0.5299145299145299,,,,,
fold_raw,MB,3407,0.45226130653266333,0.356713220625396,0.7185929648241206,0.40703517587939697,0.1407035175879397,5.0,797.0,199.0,0.32663316582914576,2.38,0.0,0.0,0.0,0.3469387755102041,0.7083333333333334,0.4657534246575342,0.3,0.2,0.24,0.49295774647887325,0.5384615384615384,0.5147058823529411,0.6444444444444445,0.5,0.5631067961165048,,,,,
fold_raw,MB,2026,0.435,0.3637977439851503,0.755,0.405,0.16,1.0,796.0,200.0,0.325,2.36,0.125,0.125,0.125,0.5,0.3333333333333333,0.4,0.28205128205128205,0.24444444444444444,0.2619047619047619,0.4625,0.5692307692307692,0.5103448275862069,0.5263157894736842,0.5172413793103449,0.5217391304347826,,,,,
fold_raw,MB,2026,0.5326633165829145,0.47583276215907977,0.6080402010050251,0.36180904522613067,0.10552763819095477,2.0,797.0,199.0,0.32663316582914576,2.39,0.25,0.14285714285714285,0.18181818181818182,0.6296296296296297,0.68,0.6538461538461539,0.4594594594594595,0.37777777777777777,0.4146341463414634,0.5,0.5692307692307692,0.5323741007194245,0.5964912280701754,0.5964912280701754,0.5964912280701754,,,,,
fold_raw,MB,2026,0.4723618090452261,0.40212182516640044,0.6683417085427136,0.4120603015075377,0.11557788944723618,3.0,797.0,199.0,0.32663316582914576,2.39,0.25,0.14285714285714285,0.18181818181818182,0.5,0.32,0.3902439024390244,0.40540540540540543,0.3333333333333333,0.36585365853658536,0.43373493975903615,0.5538461538461539,0.4864864864864865,0.576271186440678,0.5964912280701754,0.5862068965517241,,,,,
fold_raw,MB,2026,0.3969849246231156,0.33302415458937196,0.7386934673366834,0.4824120603015075,0.12060301507537688,4.0,797.0,199.0,0.3316582914572864,2.37,0.0,0.0,0.0,0.55,0.44,0.4888888888888889,0.3541666666666667,0.38636363636363635,0.3695652173913043,0.38095238095238093,0.48484848484848486,0.4266666666666667,0.4418604651162791,0.3333333333333333,0.38,,,,,
fold_raw,MB,2026,0.44221105527638194,0.3751491901108269,0.6934673366834171,0.4321608040201005,0.12562814070351758,5.0,797.0,199.0,0.32663316582914576,2.37,0.0,0.0,0.0,0.5416666666666666,0.5416666666666666,0.5416666666666666,0.35294117647058826,0.4,0.375,0.4246575342465753,0.47692307692307695,0.4492753623188406,0.5909090909090909,0.4482758620689655,0.5098039215686274,,,,,
seed_summary,MB,42,0.4367889447236181,0.37740400638778254,0.7479095477386934,0.4116281407035176,0.1515829145728643,,,,,,,,,,,,,,,,,,,,,0.03182583289251104,0.046517068223701136,0.051019944843651036,0.034331936319823224,0.019646972031648367
seed_summary,MB,3407,0.4618391959798995,0.3889148107295456,0.7148492462311558,0.3965979899497487,0.14156281407035176,,,,,,,,,,,,,,,,,,,,,0.01131956814165464,0.03433282019626758,0.01625426191117309,0.018058769716054388,0.009595496795294992
seed_summary,MB,2026,0.4558442211055277,0.3899851352021659,0.6927085427135677,0.4186884422110553,0.12546733668341709,,,,,,,,,,,,,,,,,,,,,0.0506427825255859,0.05400822237238218,0.05864700633223782,0.04389981644600382,0.020685653609345468
final,MB,all,0.4514907872696818,0.3854346507731647,0.7184891122278056,0.4089715242881072,0.13953768844221107,,,,,,,,,,,,,,,,,,,,,0.013080254646719325,0.006975301825191839,0.027779924537355467,0.011282297122538353,0.013175040891103915
fold_raw,MP,42,0.47,0.401463682502704,0.72,0.39,0.14,1.0,796.0,200.0,0.325,2.37,0.16666666666666666,0.125,0.14285714285714285,0.46153846153846156,0.5,0.48,0.35,0.3111111111111111,0.32941176470588235,0.49411764705882355,0.6461538461538462,0.56,0.5813953488372093,0.43103448275862066,0.49504950495049505,,,,,
fold_raw,MP,42,0.49748743718592964,0.4261280724695359,0.6381909547738693,0.4120603015075377,0.09045226130653267,2.0,797.0,199.0,0.32663316582914576,2.38,0.25,0.14285714285714285,0.18181818181818182,0.5,0.4,0.4444444444444444,0.4594594594594595,0.37777777777777777,0.4146341463414634,0.4725274725274725,0.6615384615384615,0.5512820512820513,0.5957446808510638,0.49122807017543857,0.5384615384615384,,,,,
fold_raw,MP,42,0.3969849246231156,0.3693115963098059,0.7537688442211056,0.48743718592964824,0.11557788944723618,3.0,797.0,199.0,0.32663316582914576,2.37,0.4,0.2857142857142857,0.3333333333333333,0.42857142857142855,0.36,0.391304347826087,0.25,0.15555555555555556,0.1917808219178082,0.3523809523809524,0.5692307692307692,0.43529411764705883,0.6,0.42105263157894735,0.4948453608247423,,,,,
fold_raw,MP,42,0.45226130653266333,0.41996256462349935,0.7236180904522613,0.4120603015075377,0.135678391959799,4.0,797.0,199.0,0.3316582914572864,2.38,0.4,0.2857142857142857,0.3333333333333333,0.5,0.52,0.5098039215686274,0.2903225806451613,0.20454545454545456,0.24,0.4788732394366197,0.5151515151515151,0.49635036496350365,0.48484848484848486,0.5614035087719298,0.5203252032520326,,,,,
fold_raw,MP,42,0.49246231155778897,0.4417691886657404,0.6432160804020101,0.40703517587939697,0.10050251256281408,5.0,797.0,199.0,0.32663316582914576,2.36,0.2857142857142857,0.2857142857142857,0.2857142857142857,0.39285714285714285,0.4583333333333333,0.4230769230769231,0.35555555555555557,0.35555555555555557,0.35555555555555557,0.5409836065573771,0.5076923076923077,0.5238095238095238,0.6206896551724138,0.6206896551724138,0.6206896551724138,,,,,
fold_raw,MP,3407,0.44,0.3759289215364704,0.705,0.44,0.12,1.0,796.0,200.0,0.325,2.38,0.2222222222222222,0.25,0.23529411764705882,0.4,0.3333333333333333,0.36363636363636365,0.32432432432432434,0.26666666666666666,0.2926829268292683,0.4519230769230769,0.7230769230769231,0.5562130177514792,0.6333333333333333,0.3275862068965517,0.4318181818181818,,,,,
fold_raw,MP,3407,0.5276381909547738,0.48674516702973963,0.6582914572864321,0.35175879396984927,0.12060301507537688,2.0,797.0,199.0,0.32663316582914576,2.36,0.2727272727272727,0.42857142857142855,0.3333333333333333,0.5714285714285714,0.64,0.6037735849056604,0.5454545454545454,0.26666666666666666,0.3582089552238806,0.5189873417721519,0.6307692307692307,0.5694444444444444,0.559322033898305,0.5789473684210527,0.5689655172413793,,,,,
fold_raw,MP,3407,0.44221105527638194,0.3739865842553961,0.7386934673366834,0.41708542713567837,0.1407035175879397,3.0,797.0,199.0,0.32663316582914576,2.39,0.2,0.14285714285714285,0.16666666666666666,0.35555555555555557,0.64,0.45714285714285713,0.30434782608695654,0.15555555555555556,0.20588235294117646,0.45,0.5538461538461539,0.496551724137931,0.6086956521739131,0.49122807017543857,0.5436893203883495,,,,,
fold_raw,MP,3407,0.4472361809045226,0.4216404506466618,0.6934673366834171,0.4271356783919598,0.12562814070351758,4.0,797.0,199.0,0.3316582914572864,2.36,1.0,0.14285714285714285,0.25,0.631578947368421,0.48,0.5454545454545454,0.3333333333333333,0.5,0.4,0.4444444444444444,0.48484848484848486,0.463768115942029,0.5365853658536586,0.38596491228070173,0.4489795918367347,,,,,
fold_raw,MP,3407,0.5025125628140703,0.4303600842442073,0.7035175879396985,0.36180904522613067,0.135678391959799,5.0,797.0,199.0,0.32663316582914576,2.35,0.1875,0.42857142857142855,0.2608695652173913,0.3793103448275862,0.4583333333333333,0.41509433962264153,0.5294117647058824,0.2,0.2903225806451613,0.5303030303030303,0.5384615384615384,0.5343511450381679,0.5915492957746479,0.7241379310344828,0.6511627906976745,,,,,
fold_raw,MP,2026,0.42,0.34396997929606626,0.77,0.435,0.145,1.0,796.0,200.0,0.325,2.39,0.25,0.125,0.16666666666666666,0.36363636363636365,0.3333333333333333,0.34782608695652173,0.28,0.15555555555555556,0.2,0.4105263157894737,0.6,0.4875,0.5370370370370371,0.5,0.5178571428571429,,,,,
fold_raw,MP,2026,0.457286432160804,0.36768046962240064,0.7185929648241206,0.4120603015075377,0.1306532663316583,2.0,797.0,199.0,0.32663316582914576,2.39,0.0,0.0,0.0,0.6470588235294118,0.44,0.5238095238095238,0.3870967741935484,0.26666666666666666,0.3157894736842105,0.4375,0.6461538461538462,0.5217391304347826,0.5,0.45614035087719296,0.47706422018348627,,,,,
fold_raw,MP,2026,0.3969849246231156,0.36558608058608055,0.7135678391959799,0.5125628140703518,0.09045226130653267,3.0,797.0,199.0,0.32663316582914576,2.38,0.3333333333333333,0.2857142857142857,0.3076923076923077,0.4666666666666667,0.28,0.35,0.2857142857142857,0.2222222222222222,0.25,0.35789473684210527,0.5230769230769231,0.425,0.5416666666666666,0.45614035087719296,0.49523809523809526,,,,,
fold_raw,MP,2026,0.4271356783919598,0.3956560252419552,0.7537688442211056,0.4321608040201005,0.1407035175879397,4.0,797.0,199.0,0.3316582914572864,2.37,1.0,0.14285714285714285,0.25,0.5416666666666666,0.52,0.5306122448979592,0.3870967741935484,0.2727272727272727,0.32,0.41379310344827586,0.5454545454545454,0.47058823529411764,0.4107142857142857,0.40350877192982454,0.40707964601769914,,,,,
fold_raw,MP,2026,0.4824120603015075,0.4117245536615616,0.7185929648241206,0.35678391959798994,0.16080402010050251,5.0,797.0,199.0,0.32663316582914576,2.37,0.125,0.14285714285714285,0.13333333333333333,0.5625,0.375,0.45,0.391304347826087,0.4,0.3956043956043956,0.532258064516129,0.5076923076923077,0.5196850393700787,0.5223880597014925,0.603448275862069,0.56,,,,,
seed_summary,MP,42,0.4618391959798995,0.41172702091425706,0.6957587939698493,0.42171859296482417,0.11644221105527638,,,,,,,,,,,,,,,,,,,,,0.040536969270399986,0.02775856025183422,0.05197050908739165,0.0378390358161939,0.021536588654953094
seed_summary,MP,3407,0.47191959798994976,0.41773224154249505,0.6997939698492462,0.3995577889447236,0.12852261306532664,,,,,,,,,,,,,,,,,,,,,0.04046980486648862,0.046364643018725664,0.028795068252353315,0.04004073580398027,0.009264347556797517
seed_summary,MP,2026,0.4367638190954774,0.37692342168161286,0.7349045226130653,0.42971356783919595,0.13352261306532665,,,,,,,,,,,,,,,,,,,,,0.033395459054147404,0.026748486191641014,0.025371948373122205,0.05596495406892848,0.026414292162266526
final,MP,all,0.45684087102177556,0.402127561379455,0.7101524288107202,0.4169966499162479,0.12616247906197656,,,,,,,,,,,,,,,,,,,,,0.018103028385038522,0.022032978966306623,0.02153068210239706,0.015622589727653168,0.008781384150096112
fold_raw,MR,42,0.43,0.35846978280327046,0.765,0.405,0.165,1.0,796.0,200.0,0.325,2.33,0.25,0.125,0.16666666666666666,0.46153846153846156,0.5,0.48,0.21739130434782608,0.1111111111111111,0.14705882352941177,0.43548387096774194,0.4153846153846154,0.4251968503937008,0.4823529411764706,0.7068965517241379,0.5734265734265734,,,,,
fold_raw,MR,42,0.5276381909547738,0.4504159061078809,0.6381909547738693,0.36180904522613067,0.11055276381909548,2.0,797.0,199.0,0.32663316582914576,2.35,0.16666666666666666,0.14285714285714285,0.15384615384615385,0.6875,0.44,0.5365853658536586,0.4411764705882353,0.3333333333333333,0.379746835443038,0.5068493150684932,0.5692307692307692,0.5362318840579711,0.5857142857142857,0.7192982456140351,0.6456692913385826,,,,,
fold_raw,MR,42,0.4271356783919598,0.3478384910109048,0.6683417085427136,0.49246231155778897,0.08040201005025126,3.0,797.0,199.0,0.32663316582914576,2.34,0.0,0.0,0.0,0.5,0.4,0.4444444444444444,0.30952380952380953,0.28888888888888886,0.2988505747126437,0.37362637362637363,0.5230769230769231,0.4358974358974359,0.6511627906976745,0.49122807017543857,0.56,,,,,
fold_raw,MR,42,0.4723618090452261,0.38900947681983145,0.6432160804020101,0.4221105527638191,0.10552763819095477,4.0,797.0,199.0,0.3316582914572864,2.33,0.0,0.0,0.0,0.6875,0.44,0.5365853658536586,0.38095238095238093,0.36363636363636365,0.37209302325581395,0.4177215189873418,0.5,0.45517241379310347,0.5666666666666667,0.5964912280701754,0.5811965811965812,,,,,
fold_raw,MR,42,0.457286432160804,0.38765884469957185,0.6532663316582915,0.4472361809045226,0.09547738693467336,5.0,797.0,199.0,0.32663316582914576,2.33,0.16666666666666666,0.14285714285714285,0.15384615384615385,0.4583333333333333,0.4583333333333333,0.4583333333333333,0.4642857142857143,0.28888888888888886,0.3561643835616438,0.415929203539823,0.7230769230769231,0.5280898876404494,0.6785714285714286,0.3275862068965517,0.4418604651162791,,,,,
fold_raw,MR,3407,0.455,0.3874677805572312,0.67,0.45,0.095,1.0,796.0,200.0,0.325,2.32,0.25,0.125,0.16666666666666666,0.5454545454545454,0.5,0.5217391304347826,0.3076923076923077,0.17777777777777778,0.22535211267605634,0.42201834862385323,0.7076923076923077,0.5287356321839081,0.6153846153846154,0.41379310344827586,0.4948453608247423,,,,,
fold_raw,MR,3407,0.49748743718592964,0.45583188929090374,0.6231155778894473,0.41708542713567837,0.08542713567839195,2.0,797.0,199.0,0.32663316582914576,2.35,0.3333333333333333,0.2857142857142857,0.3076923076923077,0.56,0.56,0.56,0.3793103448275862,0.24444444444444444,0.2972972972972973,0.45161290322580644,0.6461538461538462,0.5316455696202531,0.6521739130434783,0.5263157894736842,0.5825242718446602,,,,,
fold_raw,MR,3407,0.46733668341708545,0.4097713289053651,0.6934673366834171,0.40703517587939697,0.12562814070351758,3.0,797.0,199.0,0.32663316582914576,2.34,0.5,0.14285714285714285,0.2222222222222222,0.4782608695652174,0.44,0.4583333333333333,0.34210526315789475,0.28888888888888886,0.3132530120481928,0.47692307692307695,0.47692307692307695,0.47692307692307695,0.5211267605633803,0.6491228070175439,0.578125,,,,,
fold_raw,MR,3407,0.49748743718592964,0.4779691200151558,0.6482412060301508,0.3869346733668342,0.11557788944723618,4.0,797.0,199.0,0.3316582914572864,2.32,0.6666666666666666,0.2857142857142857,0.4,0.6956521739130435,0.64,0.6666666666666666,0.36,0.20454545454545456,0.2608695652173913,0.463768115942029,0.48484848484848486,0.4740740740740741,0.5063291139240507,0.7017543859649122,0.5882352941176471,,,,,
fold_raw,MR,3407,0.44221105527638194,0.4119372391675215,0.6834170854271356,0.44221105527638194,0.11557788944723618,5.0,797.0,199.0,0.32663316582914576,2.35,0.3333333333333333,0.2857142857142857,0.3076923076923077,0.4,0.4166666666666667,0.40816326530612246,0.40384615384615385,0.4666666666666667,0.4329896907216495,0.4473684210526316,0.5230769230769231,0.48226950354609927,0.525,0.3620689655172414,0.42857142857142855,,,,,
fold_raw,MR,2026,0.41,0.36083954798801615,0.845,0.395,0.195,1.0,796.0,200.0,0.325,2.34,0.21428571428571427,0.375,0.2727272727272727,0.3488372093023256,0.625,0.44776119402985076,0.3333333333333333,0.2222222222222222,0.26666666666666666,0.5263157894736842,0.15384615384615385,0.23809523809523808,0.46808510638297873,0.7586206896551724,0.5789473684210527,,,,,
fold_raw,MR,2026,0.4472361809045226,0.36973649896921934,0.7587939698492462,0.3969849246231156,0.15577889447236182,2.0,797.0,199.0,0.32663316582914576,2.35,0.0,0.0,0.0,0.631578947368421,0.48,0.5454545454545454,0.34210526315789475,0.28888888888888886,0.3132530120481928,0.45588235294117646,0.47692307692307695,0.46616541353383456,0.4782608695652174,0.5789473684210527,0.5238095238095238,,,,,
fold_raw,MR,2026,0.4271356783919598,0.3865768799102132,0.7185929648241206,0.457286432160804,0.11557788944723618,3.0,797.0,199.0,0.32663316582914576,2.33,0.25,0.14285714285714285,0.18181818181818182,0.6,0.48,0.5333333333333333,0.3333333333333333,0.26666666666666666,0.2962962962962963,0.38144329896907214,0.5692307692307692,0.4567901234567901,0.5476190476190477,0.40350877192982454,0.46464646464646464,,,,,
fold_raw,MR,2026,0.4120603015075377,0.35557732561880095,0.7336683417085427,0.457286432160804,0.1306532663316583,4.0,797.0,199.0,0.3316582914572864,2.33,0.25,0.14285714285714285,0.18181818181818182,0.4444444444444444,0.32,0.37209302325581395,0.29545454545454547,0.29545454545454547,0.29545454545454547,0.4175824175824176,0.5757575757575758,0.4840764331210191,0.5238095238095238,0.38596491228070173,0.4444444444444444,,,,,
fold_raw,MR,2026,0.49246231155778897,0.3956808004581191,0.6532663316582915,0.39195979899497485,0.11557788944723618,5.0,797.0,199.0,0.32663316582914576,2.34,0.0,0.0,0.0,0.45454545454545453,0.4166666666666667,0.43478260869565216,0.4838709677419355,0.6666666666666666,0.5607476635514018,0.49230769230769234,0.49230769230769234,0.49230769230769234,0.5416666666666666,0.4482758620689655,0.49056603773584906,,,,,
seed_summary,MR,42,0.46288442211055275,0.38667850028829187,0.6736030150753769,0.42572361809045234,0.111391959798995,,,,,,,,,,,,,,,,,,,,,0.04084595092882668,0.03991594133358113,0.052373778519862066,0.048591251210476576,0.03210361002633209
seed_summary,MR,3407,0.4719045226130653,0.42859547158723543,0.6636482412060302,0.42065326633165834,0.10744221105527638,,,,,,,,,,,,,,,,,,,,,0.02498650174722142,0.03709080624942214,0.028286940560755577,0.025792898328840724,0.01660255042726513
seed_summary,MR,2026,0.43777889447236185,0.37368221058887374,0.7418643216080402,0.41970351758793967,0.1425175879396985,,,,,,,,,,,,,,,,,,,,,0.034007746990684935,0.017018371953468902,0.06960947331928669,0.034354996377772534,0.033624851908852706
final,MR,all,0.45752261306532666,0.3963187274881337,0.6930385259631491,0.42202680067001674,0.12045058626465661,,,,,,,,,,,,,,,,,,,,,0.01768336424941517,0.028697857824530652,0.042576321130000844,0.003236564528798345,0.019212354123827515
fold_raw,MUV,42,0.4,0.31898719391525654,0.83,0.405,0.195,1.0,796.0,200.0,0.325,2.32,0.0,0.0,0.0,0.37037037037037035,0.4166666666666667,0.39215686274509803,0.2619047619047619,0.24444444444444444,0.25287356321839083,0.5,0.4153846153846154,0.453781512605042,0.4507042253521127,0.5517241379310345,0.49612403100775193,,,,,
fold_raw,MUV,42,0.457286432160804,0.37142133848844705,0.6934673366834171,0.4120603015075377,0.1306532663316583,2.0,797.0,199.0,0.32663316582914576,2.35,0.2,0.14285714285714285,0.16666666666666666,0.5555555555555556,0.2,0.29411764705882354,0.3111111111111111,0.3111111111111111,0.3111111111111111,0.4935064935064935,0.5846153846153846,0.5352112676056338,0.5238095238095238,0.5789473684210527,0.55,,,,,
fold_raw,MUV,42,0.47738693467336685,0.43079481223383664,0.6482412060301508,0.41708542713567837,0.10552763819095477,3.0,797.0,199.0,0.32663316582914576,2.33,0.2857142857142857,0.2857142857142857,0.2857142857142857,0.5,0.32,0.3902439024390244,0.5,0.4,0.4444444444444444,0.4235294117647059,0.5538461538461539,0.48,0.5636363636363636,0.543859649122807,0.5535714285714286,,,,,
fold_raw,MUV,42,0.4271356783919598,0.3267575687870477,0.7487437185929648,0.4271356783919598,0.1457286432160804,4.0,797.0,199.0,0.3316582914572864,2.35,0.0,0.0,0.0,0.32,0.32,0.32,0.3111111111111111,0.3181818181818182,0.3146067415730337,0.4745762711864407,0.42424242424242425,0.448,0.5,0.6140350877192983,0.5511811023622047,,,,,
fold_raw,MUV,42,0.4221105527638191,0.3649187753826929,0.7587939698492462,0.4371859296482412,0.1407035175879397,5.0,797.0,199.0,0.32663316582914576,2.34,0.1111111111111111,0.14285714285714285,0.125,0.42857142857142855,0.375,0.4,0.3076923076923077,0.35555555555555557,0.32989690721649484,0.4626865671641791,0.47692307692307695,0.4696969696969697,0.54,0.46551724137931033,0.5,,,,,
fold_raw,MUV,3407,0.435,0.3279370602060596,0.785,0.4,0.165,1.0,796.0,200.0,0.325,2.35,0.0,0.0,0.0,0.5,0.375,0.42857142857142855,0.35294117647058826,0.13333333333333333,0.1935483870967742,0.42,0.6461538461538462,0.509090909090909,0.5,0.5172413793103449,0.5084745762711864,,,,,
fold_raw,MUV,3407,0.4321608040201005,0.3494542440641607,0.7989949748743719,0.3969849246231156,0.1708542713567839,2.0,797.0,199.0,0.32663316582914576,2.33,0.0,0.0,0.0,0.55,0.44,0.4888888888888889,0.3902439024390244,0.35555555555555557,0.37209302325581395,0.43902439024390244,0.27692307692307694,0.33962264150943394,0.44086021505376344,0.7192982456140351,0.5466666666666666,,,,,
fold_raw,MUV,3407,0.41708542713567837,0.3765059367075166,0.7487437185929648,0.457286432160804,0.12562814070351758,3.0,797.0,199.0,0.32663316582914576,2.34,0.2,0.2857142857142857,0.23529411764705882,0.38095238095238093,0.32,0.34782608695652173,0.3404255319148936,0.35555555555555557,0.34782608695652173,0.4,0.49230769230769234,0.4413793103448276,0.6097560975609756,0.43859649122807015,0.5102040816326531,,,,,
fold_raw,MUV,3407,0.4120603015075377,0.3356324333319091,0.7537688442211056,0.4321608040201005,0.15577889447236182,4.0,797.0,199.0,0.3316582914572864,2.33,0.0,0.0,0.0,0.5294117647058824,0.36,0.42857142857142855,0.2982456140350877,0.38636363636363635,0.33663366336633666,0.4142857142857143,0.4393939393939394,0.4264705882352941,0.5,0.47368421052631576,0.4864864864864865,,,,,
fold_raw,MUV,3407,0.4371859296482412,0.36253387479393673,0.7437185929648241,0.4371859296482412,0.12562814070351758,5.0,797.0,199.0,0.32663316582914576,2.34,0.2,0.14285714285714285,0.16666666666666666,0.38461538461538464,0.4166666666666667,0.4,0.34782608695652173,0.17777777777777778,0.23529411764705882,0.449438202247191,0.6153846153846154,0.5194805194805194,0.5,0.4827586206896552,0.49122807017543857,,,,,
fold_raw,MUV,2026,0.425,0.38036922015182884,0.75,0.43,0.145,1.0,796.0,200.0,0.325,2.34,0.375,0.375,0.375,0.45454545454545453,0.4166666666666667,0.43478260869565216,0.2777777777777778,0.1111111111111111,0.15873015873015872,0.41739130434782606,0.7384615384615385,0.5333333333333333,0.5135135135135135,0.3275862068965517,0.4,,,,,
fold_raw,MUV,2026,0.44221105527638194,0.3837756103545577,0.7638190954773869,0.4020100502512563,0.15577889447236182,2.0,797.0,199.0,0.32663316582914576,2.35,0.1111111111111111,0.14285714285714285,0.125,0.5789473684210527,0.44,0.5,0.3870967741935484,0.26666666666666666,0.3157894736842105,0.417910447761194,0.4307692307692308,0.42424242424242425,0.4931506849315068,0.631578947368421,0.5538461538461539,,,,,
fold_raw,MUV,2026,0.4371859296482412,0.4021322287885184,0.6934673366834171,0.45226130653266333,0.11055276381909548,3.0,797.0,199.0,0.32663316582914576,2.33,0.2222222222222222,0.2857142857142857,0.25,0.42857142857142855,0.36,0.391304347826087,0.35,0.4666666666666667,0.4,0.4126984126984127,0.4,0.40625,0.6304347826086957,0.5087719298245614,0.5631067961165048,,,,,
fold_raw,MUV,2026,0.4020100502512563,0.36318698399892424,0.8391959798994975,0.4271356783919598,0.1708542713567839,4.0,797.0,199.0,0.3316582914572864,2.33,0.2,0.14285714285714285,0.16666666666666666,0.6666666666666666,0.32,0.43243243243243246,0.391304347826087,0.4090909090909091,0.4,0.4264705882352941,0.4393939393939394,0.43283582089552236,0.35294117647058826,0.42105263157894735,0.384,,,,,
fold_raw,MUV,2026,0.4120603015075377,0.3046949038942676,0.7738693467336684,0.4472361809045226,0.1407035175879397,5.0,797.0,199.0,0.32663316582914576,2.34,0.0,0.0,0.0,0.4117647058823529,0.2916666666666667,0.34146341463414637,0.2916666666666667,0.15555555555555556,0.2028985507246377,0.41,0.6307692307692307,0.49696969696969695,0.5,0.46551724137931033,0.48214285714285715,,,,,
seed_summary,MUV,42,0.4367839195979899,0.36257593776145614,0.7358492462311558,0.4196934673366834,0.14352261306532665,,,,,,,,,,,,,,,,,,,,,0.03053854469441407,0.04449853644361636,0.06897189130257186,0.012672192191487885,0.032680167667158116
seed_summary,MUV,3407,0.4266984924623115,0.35041270982071654,0.7660452261306533,0.4247236180904522,0.14857788944723618,,,,,,,,,,,,,,,,,,,,,0.011351496300972982,0.01969967756694863,0.02446170302278399,0.02574708823757193,0.021628449517699683
seed_summary,MUV,2026,0.4236934673366834,0.3668317894376194,0.764070351758794,0.4317286432160804,0.14457788944723618,,,,,,,,,,,,,,,,,,,,,0.01682376112558206,0.03738566994079194,0.0522558704169252,0.019807525647361966,0.022298031687028548
final,MUV,all,0.42905862646566156,0.35994014567326404,0.7553216080402011,0.4253819095477387,0.14555946398659966,,,,,,,,,,,,,,,,,,,,,0.006856942429881788,0.008520979627700143,0.01689244470208293,0.006044532682024072,0.0026667529425535587
